las14,las12,blocks,objective,systematic,per_block,green_step,level_step,open_step,edge_logratio,n
kp_default,kp_default,train,0.5527946690134643,0.37372826498567185,0.5968880134259749,0.12883364709312342,0.28959119163354313,0.0022916920997788012,0.41496120493066113,35
kp_default,kp_default,holdout,0.5534945000961085,0.3655950231779992,0.6263315897270311,0.12424725381302147,0.2814258737420349,0.0019286968669334395,0.40313170791816105,17
kp_default,las12-r1,train,0.657806888151862,0.45614454479659694,0.6722078111842169,-0.01868290032011434,0.3112564481478707,0.011479470852375289,0.4906667976349425,35
kp_default,las12-r1,holdout,0.6871534738663928,0.47733625382410305,0.6993907334742991,-0.030752886385786358,0.3070600154418641,0.012555984883212766,0.47331366835637056,17
kp_default,las12-balanced,train,0.6013275618681988,0.40192730837135154,0.6646675116561575,-0.01711671133108782,0.23003666755254715,0.011748174654040074,0.6367330306307101,35
kp_default,las12-balanced,holdout,0.6199224646951568,0.42063347568962256,0.6642966300184474,-0.03483649293550355,0.2135735005878812,0.01289323052757687,0.6104463496224758,17
kp_default,las12-lessgreen,train,0.7157359941618743,0.5093563575069184,0.6879321221831862,0.0392738339479291,0.35838507779080997,0.011567441510034693,0.593528812273019,35
kp_default,las12-lessgreen,holdout,0.7126702174466174,0.5047592899018984,0.6930364251490633,0.030574254721268845,0.3523318761066113,0.012769723292017074,0.5637688685229901,17
kp_default,las12-clean,train,0.525365453556494,0.3424381054739325,0.6097578269418718,-0.02324685816858544,0.19066746196895087,0.011801289462668256,0.4726217330486534,35
kp_default,las12-clean,holdout,0.5354851524110922,0.35256429842445247,0.6097361799554657,-0.03887719165541797,0.17506077954539392,0.013084716133155386,0.41966662590792153,17
kp_default,las12-detail,train,0.6796143910675314,0.47172785029687303,0.6929551359021947,-0.11003190261910098,0.08120946524335731,0.012201664213944967,0.7913348654818556,35
kp_default,las12-detail,holdout,0.724679699182329,0.5151835520721223,0.6983204903673556,-0.1335617117279448,0.0787296298154101,0.013783549216361627,0.7600558740740356,17
kp_default,las12-balanced-sub3,train,0.620891838394441,0.4176237902141349,0.6775601606010202,0.0007339758245088614,0.22603253306471283,0.011719778261745596,0.7893810172008047,35
kp_default,las12-balanced-sub3,holdout,0.610520442282737,0.4082897113428452,0.6741024364663062,-0.017502944492182232,0.2083634584247576,0.01287873314456467,0.748028282647122,17
kp_default,las14-balanced,train,0.7004318151406469,0.504866164581634,0.6518855018633763,0.0724721496078367,0.3521966791844216,0.01151920700413835,0.6060979722510222,35
kp_default,las14-balanced,holdout,0.7077399639187412,0.5078523201670913,0.6662921458388329,0.06694977005724591,0.3578531105927655,0.012706588433799576,0.553489671035839,17
kp_default,las12-match-r1,train,0.6548618534544748,0.4601408196895207,0.649070112549847,0.00861141346827665,0.34881207950781334,0.011625072572236703,0.39424815421848347,35
kp_default,las12-match-r1,holdout,0.6473885256076929,0.4469827423144768,0.6680192776440534,-0.00591508044584255,0.3354253000005386,0.012704888184308344,0.36054167004535986,17
kp_default,las12-match-balanced,train,0.5567958943314282,0.3776834301350918,0.597041547321121,-0.05724173983033004,0.19384847372584788,0.011795803205306614,0.29245952903204864,35
kp_default,las12-match-balanced,holdout,0.5776585247659978,0.3984715901526003,0.5972897820446584,-0.08317501984917698,0.1669256112293321,0.013092232379886217,0.24745035778559046,17
kp_default,las12-match-balanced-sub3,train,0.5340762078485519,0.35555049125631766,0.5950857219741144,-0.0308609880690814,0.19685341199456793,0.011774995676775608,0.4313234428720742,35
kp_default,las12-match-balanced-sub3,holdout,0.5522139793289366,0.37505742766090433,0.5905218388934407,-0.05761223599830596,0.16817855203175347,0.013066147356075536,0.37999903307257316,17
kp_default,las12-match-clean,train,0.6116150779264543,0.43502153120557685,0.5886451557362581,-0.10755017675236496,0.1774422017711434,0.011780960865704102,0.15637101496395286,35
kp_default,las12-match-clean,holdout,0.6454309730955811,0.46104153784488283,0.6146314508356607,-0.1354715668726154,0.14912839602229438,0.013066101892119064,0.12656604774521935,17
las14-r1,kp_default,train,0.4435383632662169,0.2883992601160752,0.5171303438338056,0.12157169635730468,-0.01786402008796452,-0.010793341421848525,0.05863038766407279,35
las14-r1,kp_default,holdout,0.43655833430973456,0.27034172418160923,0.5540553670937511,0.1230626786829184,-0.001825532919412728,-0.009025454144846182,0.053960273273402415,17
las14-r1,las12-r1,train,0.2154364345349422,0.08579961273211696,0.43212273934275086,-0.025944851055933044,0.0038012364263630386,-0.0016055626692520364,0.13433598036835406,35
las14-r1,las12-r1,holdout,0.2537714806274998,0.11533551713376529,0.4614532116457818,-0.03193746151588946,0.023808608780416424,0.001601833871433143,0.124142233711612,17
las14-r1,las12-balanced,train,0.3261550941679124,0.1852375607893591,0.4697251112618443,-0.02437866206690653,-0.07741854416896052,-0.0013368588675872492,0.28040221336412174,35
las14-r1,las12-balanced,holdout,0.33420902492902016,0.18864635030520613,0.48520891541271355,-0.036021068065606655,-0.06967790607356647,0.0019390795157972456,0.26127491497771727,17
las14-r1,las12-lessgreen,train,0.255849150986012,0.12474022278139724,0.43702976068204935,0.032011883212110376,0.05092986606930235,-0.0015175920115926313,0.23719799500643046,35
las14-r1,las12-lessgreen,holdout,0.25205403740234666,0.11848110092779535,0.44524312158183776,0.029389679591165736,0.06908046944516368,0.0018155722802374531,0.2145974338782316,17
las14-r1,las12-clean,train,0.31071470669408335,0.17647313382359542,0.44747190956829314,-0.03050880890440416,-0.11678774975255674,-0.0012837440589590703,0.11629091578206496,35
las14-r1,las12-clean,holdout,0.318352951322061,0.1731535729627734,0.483997927864292,-0.040061766785521084,-0.10819062711605373,0.002130565121375763,0.07049519126316295,17
las14-r1,las12-detail,train,0.4773304478599816,0.3150529059647515,0.5409251396507669,-0.11729385335491972,-0.22624574647815038,-0.0008833693076823556,0.43500404821526706,35
las14-r1,las12-detail,holdout,0.4377614879161549,0.2806635341060222,0.5236598460337758,-0.13474628685804793,-0.2045217768460376,0.0028293982045820044,0.4108844394292771,17
las14-r1,las12-balanced-sub3,train,0.36571451039114117,0.21679610766639087,0.4963946757491676,-0.006527974911309866,-0.08142267865679485,-0.0013652552598817271,0.43305019993421634,35
las14-r1,las12-balanced-sub3,holdout,0.37231762346739594,0.21833576483940237,0.5132728620933119,-0.018687519622285338,-0.07488794823669007,0.0019245821327850492,0.3988568480023634,17
las14-r1,las14-balanced,train,0.27066700079616424,0.14246654806393505,0.427334842440764,0.06521019887201798,0.04474146746291402,-0.0015658265174889763,0.2497671549844338,35
las14-r1,las14-balanced,holdout,0.26354411771454833,0.13688332881765108,0.42220262965632416,0.0657651949271428,0.07460170393131783,0.001752437422019955,0.20431823639108046,17
las14-r1,las12-match-r1,train,0.1647796465870127,0.04616307785696178,0.395388562433503,0.001349462732457917,0.04135686778630569,-0.0014599609493906227,0.03791733695189511,35
las14-r1,las12-match-r1,holdout,0.19772340998555543,0.07140239014720733,0.4210700661278271,-0.0070996555759456625,0.05217389333909098,0.0017507371725287214,0.011370235400601277,17
las14-r1,las12-match-balanced,train,0.2764113917435833,0.15370945887037993,0.409006442910678,-0.06450369056614876,-0.11360673799565976,-0.00128923031632071,-0.06387128823453975,35
las14-r1,las12-match-balanced,holdout,0.31345706258401207,0.17805699738973818,0.45133355064757963,-0.0843595949792801,-0.11632579543211555,0.002138081368106595,-0.10172107685916802,17
las14-r1,las12-match-balanced-sub3,train,0.26880459991033356,0.14352107082370905,0.4176117636220818,-0.038122938804900114,-0.11060179972693969,-0.0013100378448517179,0.07499262560548575,35
las14-r1,las12-match-balanced-sub3,holdout,0.2878586591026503,0.15299156817811055,0.4495569697484657,-0.05879681112840907,-0.11507285462969419,0.002111996344295912,0.030827598427814542,17
las14-r1,las12-match-clean,train,0.31649987432072074,0.19710827801668804,0.397971987680109,-0.11481212748818369,-0.13001300995036427,-0.0013040726559232186,-0.19995980230263552,35
las14-r1,las12-match-clean,holdout,0.34999851235037843,0.2179374218672619,0.4402036349437218,-0.13665614200271856,-0.13412301063915327,0.002111950880339443,-0.2226053868995393,17
las14-balanced,kp_default,train,0.46112800993220215,0.3063457031141039,0.5159410227269943,0.18602597722986697,0.09928000132023396,-0.010870380986354821,0.08431714444787189,35
las14-balanced,kp_default,holdout,0.46179949706407974,0.290609930334047,0.5706318891001092,0.1788025629971379,0.09709357921205754,-0.009033836299665409,0.08983417568110685,17
las14-balanced,las12-r1,train,0.28418366268387374,0.14906697249503298,0.4503889672961359,0.03850942981662923,0.12094525783456153,-0.0016826022337583322,0.16002273715215318,35
las14-balanced,las12-r1,holdout,0.303390031895554,0.16020862097429728,0.4772713697375224,0.02380242279833006,0.1227277209118867,0.001593451716613916,0.16001613611931648,17
las14-balanced,las12-balanced,train,0.3269976787651723,0.18623876101827486,0.46919639248965794,0.040075618805655744,0.03972547723923794,-0.0014138984320935452,0.3060889701479209,35
las14-balanced,las12-balanced,holdout,0.315570686490395,0.17032679045016552,0.48414632013409836,0.019718816248612867,0.029241206057903806,0.0019306973609780186,0.2971488173854217,17
las14-balanced,las12-lessgreen,train,0.354404733692774,0.21650970282551357,0.45965010289086805,0.09646616408467264,0.16807388747750085,-0.0015946315760989275,0.2628847517902296,35
las14-balanced,las12-lessgreen,holdout,0.3662521374079666,0.22402546005724022,0.47408892450242135,0.08512956390538527,0.16799958157663397,0.0018071901254182253,0.250471336285936,17
las14-balanced,las12-clean,train,0.29755977986025084,0.16532026999477226,0.4407983662182619,0.033945471968158114,0.00035627165564173146,-0.0013607836234653659,0.14197767256586405,35
las14-balanced,las12-clean,holdout,0.2837129014091561,0.14713558687906095,0.4552577151003172,0.015678117528698438,-0.009271514984583465,0.002122182966556535,0.10636909367086736,17
las14-balanced,las12-detail,train,0.35614661698055566,0.20424486634666822,0.5063391687796248,-0.05283957248235741,-0.10910172506995185,-0.0009604088721886518,0.4606908049990662,35
las14-balanced,las12-detail,holdout,0.3410670504802682,0.1894519716300207,0.5053835961674916,-0.0790064025438284,-0.10560266471456728,0.0028210160497627763,0.4467583418369815,17
las14-balanced,las12-balanced-sub3,train,0.40309487329483074,0.25344188942191104,0.498843279576399,0.057926305961252415,0.03572134275140365,-0.0014422948243880233,0.4587369567180154,35
las14-balanced,las12-balanced-sub3,holdout,0.3864661355670286,0.23465430710498,0.5060394282068286,0.03705236469193419,0.024031163894780223,0.0019161999779658218,0.4347307504100678,17
las14-balanced,las14-balanced,train,0.36240699452516667,0.2292175704246759,0.4439647470016359,0.12966447974458026,0.16188548887111248,-0.0016428660819952728,0.2754539117682329,35
las14-balanced,las14-balanced,holdout,0.3634352064344958,0.22711849032243286,0.4543890537068763,0.12150507924136231,0.17352081606278813,0.001744055267200727,0.2401921387987849,17
las14-balanced,las12-match-r1,train,0.29166671698598284,0.16717890288371184,0.41495938034090335,0.0658037436050202,0.15850088919450414,-0.0015370005138969185,0.06360409373569421,35
las14-balanced,las12-match-r1,holdout,0.2961103029062675,0.16624891246981813,0.43287130145483116,0.048640228738273866,0.15109300547056123,0.0017423550177094926,0.047244137808305754,17
las14-balanced,las12-match-balanced,train,0.1861349610610915,0.06711251563865167,0.3967414847414661,-4.940969358648533e-05,0.0035372834125387198,-0.0013662698808270062,-0.03818453145074063,35
las14-balanced,las12-match-balanced,holdout,0.22930388030599397,0.10208884935243406,0.42405010317853303,-0.02861971066506057,-0.01740668330064529,0.002129699213287368,-0.0658471744514636,17
las14-balanced,las12-match-balanced-sub3,train,0.2405901271062913,0.1170873596221088,0.41167589161394175,0.026331342067662147,0.0065422216812587725,-0.0013870774093580143,0.10067938238928488,35
las14-balanced,las12-match-balanced-sub3,holdout,0.2193477418310099,0.09137298110388814,0.4265825357570726,-0.003056926814189548,-0.016153742498223916,0.002103614189476684,0.06670150083551898,17
las14-balanced,las12-match-clean,train,0.23689396980249955,0.12339654191914792,0.37832475961117207,-0.050357846615621406,-0.01286898854216579,-0.0013811122204295146,-0.1742730455188364,35
las14-balanced,las12-match-clean,holdout,0.2917715740501343,0.16781474976192318,0.41318941429403716,-0.08091625768849901,-0.03520389850768301,0.002103568725520215,-0.18673148449183483,17
las14-clean,kp_default,train,0.5889163006028383,0.41521645645616573,0.5789994804889086,0.22527533035802597,0.11285285155886603,-0.010920590751247428,0.3011123981138284,35
las14-clean,kp_default,holdout,0.5761882817792189,0.3916462461295838,0.6151401188321169,0.22323817364266937,0.1302010355687483,-0.0090338133446254,0.3142357187864525,17
las14-clean,las12-r1,train,0.347549062417409,0.2054130268756716,0.47378678513912476,0.0777587829447882,0.1345181080731936,-0.0017328119986509392,0.3768179908181097,35
las14-clean,las12-r1,holdout,0.38875869529535934,0.2378041896220417,0.5031816855777255,0.06823803344386156,0.15583517726857746,0.001593474671653927,0.3844176792246621,17
las14-clean,las12-balanced,train,0.43320926724241143,0.2787760663305953,0.5147773363727204,0.07932497193381473,0.053298327477870014,-0.0014641081969861518,0.5228842238138774,35
las14-clean,las12-balanced,holdout,0.41945222722240794,0.2619584643473644,0.5249792095834785,0.06415442689414437,0.06234866241459455,0.0019307203160180298,0.5215503604907673,17
las14-clean,las12-lessgreen,train,0.42464232684794134,0.2728557572061523,0.5059552321392969,0.13571551721283162,0.1816467377161329,-0.0016448413409915342,0.47968000545618616,35
las14-clean,las12-lessgreen,holdout,0.45279871209062106,0.30162102870498436,0.5039256112854557,0.1295651745509168,0.2011070379333247,0.0018072130804582362,0.4748728793912816,17
las14-clean,las12-clean,train,0.40358308905767015,0.25785757530709275,0.4857517125019248,0.0731948250963171,0.013929121894273812,-0.0014109933883579729,0.3587729262318205,35
las14-clean,las12-clean,holdout,0.3882579675984932,0.23876726077625993,0.49830235607411083,0.06011372817422995,0.023835941372107296,0.0021222059215965463,0.330770636776213,17
las14-clean,las12-detail,train,0.403937912857681,0.23471733296219738,0.564068599651612,-0.013590219354198426,-0.09552887483131978,-0.0010106186370812584,0.6774860586650228,35
las14-clean,las12-detail,holdout,0.36547524965776046,0.2016170661344947,0.5461939450775525,-0.0345707918982969,-0.07249520835787657,0.002821039004802788,0.6711598849423271,17
las14-clean,las12-balanced-sub3,train,0.5117607720658809,0.34597919473423144,0.5526052577721648,0.0971756590894114,0.04929419299003571,-0.0014925045892806301,0.675532210383972,35
las14-clean,las12-balanced-sub3,holdout,0.4937916711228442,0.326285981002179,0.5583523004022175,0.08148797533746568,0.05713862025147094,0.0019162229330058327,0.6591322935154135,17
las14-clean,las14-balanced,train,0.4553299689451835,0.30189707283505607,0.5114429870337581,0.16891383287273923,0.17545833910974454,-0.0016930758468878802,0.4922491654341894,35
las14-clean,las14-balanced,holdout,0.45717062552895327,0.3047140589701772,0.5081885551959202,0.1659406898868938,0.20662827241947887,0.0017440782222407389,0.46459368190413064,17
las14-clean,las12-match-r1,train,0.3571423080957654,0.2235249572643505,0.44539116943804963,0.1050530967331792,0.17207373943313625,-0.001587210278789526,0.2803993474016507,35
las14-clean,las12-match-r1,holdout,0.38187761427479283,0.2438444811175624,0.4601104438574347,0.09307583938380537,0.18420046182725197,0.0017423779727495042,0.2716456809136514,17
las14-clean,las12-match-balanced,train,0.2711495150117801,0.14154464922184878,0.43201621929977113,0.039199943434572504,0.0171101336511708,-0.001416479645719613,0.17861072221521587,35
las14-clean,las12-match-balanced,holdout,0.2468953355021834,0.11440163056550112,0.4416456831222743,0.01581589998047092,0.0157007730560455,0.0021297221683273786,0.15855436865388206,17
las14-clean,las12-match-balanced-sub3,train,0.34659092504619127,0.20962466493442922,0.45655420037254024,0.06558069519582117,0.020115071919890853,-0.001437287174250621,0.31747463605524145,35
las14-clean,las12-match-balanced-sub3,holdout,0.31945440012983306,0.18109802975166137,0.4611879012605724,0.04137868383134197,0.016953713858466838,0.0021036371445166957,0.29110304394086467,17
las14-clean,las12-match-clean,train,0.17158388597534602,0.05494113516321281,0.3888091693737774,-0.011108493487462403,0.0007038616964662729,-0.0014313219853221216,0.04252220814712007,35
las14-clean,las12-match-clean,holdout,0.2032564083461555,0.08184645741179054,0.40469983644788315,-0.03648064704296751,-0.0020964421509922504,0.002103591680560227,0.03767005861351076,17
las14-balanced-sub3,kp_default,train,0.42178172895077104,0.2695063643032477,0.5075845488250778,0.17655196862846542,0.10631234107590193,-0.010821444909487818,-0.03012947884578287,35
las14-balanced-sub3,kp_default,holdout,0.4247860903929016,0.2543395938030538,0.5681549886328261,0.16989670834186843,0.10276893423844358,-0.00901831934734589,-0.025933381729023465,17
las14-balanced-sub3,las12-r1,train,0.2719738471633302,0.13323143632393736,0.46247470279797614,0.029035421215227637,0.12797759759022947,-0.0016336661568913296,0.045576113858498433,35
las14-balanced-sub3,las12-r1,holdout,0.29206148791813613,0.14276461182694777,0.49765625363729454,0.014896568143060548,0.12840307593827277,0.001608968668933434,0.04424857870918612,17
las14-balanced-sub3,las12-balanced,train,0.29535229145676734,0.15461362687777633,0.46912888192997004,0.03060161020425414,0.046757816994905915,-0.0013649623552265426,0.19164234685426615,35
las14-balanced-sub3,las12-balanced,holdout,0.2852109280387918,0.13851267974471526,0.48899416098025505,0.01081296159334337,0.034916561084289865,0.0019462143132975367,0.18138125997529134,17
las14-balanced-sub3,las12-lessgreen,train,0.3406628335087552,0.20067416665441784,0.4666288895144579,0.08699215548327105,0.17510622723316882,-0.001545695499231925,0.14843812849657484,35
las14-balanced-sub3,las12-lessgreen,holdout,0.35264078727825987,0.20658145090989058,0.4868644545612309,0.07622370925011578,0.17367493660301997,0.0018227070777377427,0.13470377887580573,17
las14-balanced-sub3,las12-clean,train,0.2669762674470869,0.1336951358542737,0.4442704386427107,0.02447146336675652,0.007388611411309692,-0.0013118475465983637,0.027531049272209302,35
las14-balanced-sub3,las12-clean,holdout,0.25975050830196894,0.11908086166931588,0.46889882210884365,0.006772262873428936,-0.0035961599581973915,0.0021376999188760532,-0.009398463739262942,17
las14-balanced-sub3,las12-detail,train,0.3229061831794589,0.1742038810465679,0.49567434044297004,-0.062313581083759,-0.10206938531428388,-0.0009114727953216491,0.34624418170541144,35
las14-balanced-sub3,las12-detail,holdout,0.3111644156839839,0.1606199917179572,0.5018147465534224,-0.0879122571990979,-0.09992730968818127,0.002836533002082295,0.3309907844268512,17
las14-balanced-sub3,las12-balanced-sub3,train,0.3703265492411352,0.22181675528141254,0.4950326465324089,0.04845229735985083,0.0427536825070716,-0.0013933587475210211,0.34429033342436066,35
las14-balanced-sub3,las12-balanced-sub3,holdout,0.35358480165222483,0.20284019639952983,0.5024820175089832,0.028146510036664688,0.02970651892116627,0.0019317169302853399,0.31896319299993753,17
las14-balanced-sub3,las14-balanced,train,0.3279725036264828,0.19628044274092638,0.4389735362851879,0.12019047114317866,0.16891782862678045,-0.0015939300051282703,0.16100728847457815,35
las14-balanced-sub3,las14-balanced,holdout,0.34643165424233957,0.20967448117508344,0.4558572435575205,0.1125992245860928,0.17919617108917418,0.0017595722195202453,0.1244245813886546,17
las14-balanced-sub3,las12-match-r1,train,0.3013669496740169,0.1716803785358004,0.4322885704607216,0.056329735003618604,0.1655332289501721,-0.0014880644370299158,-0.05084252955796053,35
las14-balanced-sub3,las12-match-r1,holdout,0.31402585300912267,0.17621427116319852,0.45937193948641397,0.03973437408300435,0.15676836049694728,0.001757871970029011,-0.06852341960182455,17
las14-balanced-sub3,las12-match-balanced,train,0.22363619605674573,0.10011617586468421,0.4117334006402051,-0.009523418294988071,0.010569623168206687,-0.0013173338039600038,-0.1526311547443954,35
las14-balanced-sub3,las12-match-balanced,holdout,0.2691677848793093,0.13436243701693587,0.4493511595412448,-0.03752556532033007,-0.011731328274259215,0.0021452161656068855,-0.18161473186159388,17
las14-balanced-sub3,las12-match-balanced-sub3,train,0.21472453408770611,0.09096912184335819,0.4125180408144931,0.016857333466260567,0.013574561436926732,-0.0013381413324910114,-0.013767240904369874,35
las14-balanced-sub3,las12-match-balanced-sub3,holdout,0.22794841162777923,0.0969659684341824,0.4366081439786561,-0.011962781469459045,-0.010478387471837838,0.0021191311417962026,-0.049066056574611314,17
las14-balanced-sub3,las12-match-clean,train,0.293490971089845,0.17218980011458343,0.40433723658420523,-0.05983185521702299,-0.00583664878649784,-0.001332176143562512,-0.28871966881249117,35
las14-balanced-sub3,las12-match-clean,holdout,0.3491306808205109,0.21445843898452577,0.448907472786617,-0.08982211234376851,-0.029528543481296944,0.002119085677839733,-0.30249904190196514,17
