set,block,green_share_las12,green_level_las12,open_share_las12,green_share_las14,green_level_las14,open_share_las14
kp_default,b567_5528v,0.0341700938202844,0.0499951015847936,0.040506,0.6774332062124696,1.4185382502473431,0.096398
kp_default,b744_5457v,0.3706674033862212,0.6432146515773596,0.008216,0.4562067460819137,0.9883670664616716,0.019164
kp_default,b757_5433h,0.25246098152608,0.586824383750247,0.079026,0.4387909215813885,1.0399066125349945,0.03199
kp_default,b606_5528v,0.0976775705322115,0.1520560583607869,0.020164,0.4942067555396886,1.1300234488466252,0.014024
kp_default,b689_5500h,0.3043412366967533,0.7416163083851349,0.168624,0.4100134993903501,0.7832476920397144,0.08144
kp_default,b760_5294h,0.1391615893771633,0.3190798129668238,0.01194,0.5364575914407357,1.1843194711054736,0.115438
kp_default,b730_5549v,0.2812790254402389,0.7396940600127634,0.050402,0.5331961042101434,1.299434488672501,0.015758
kp_default,b659_5478h,0.1622061988545859,0.3207625555785233,0.013108,0.5739205435208143,1.3584737537517944,0.019136
kp_default,b676_5536h,0.5449347064911805,1.3392986911936344,0.182614,0.3906389119463611,0.9525554267016916,0.004902
kp_default,b660_5566v,0.48910808541146,1.1683197029166608,0.006878,0.4046048706923293,0.8280582612306063,0.161844
kp_default,b716_5501h,0.1752962273812509,0.4228333730199705,0.050898,0.5376040204800714,1.3683000939885923,0.067972
kp_default,b655_5402v,0.2804134268671291,0.6724862432296381,0.074274,0.3553773664732368,0.8622157003335665,0.101828
kp_default,b698_5291h,0.2998241448824142,0.7371205679842765,0.207302,0.4410409349991364,1.0858264724509183,0.13155
kp_default,b628_5401h,0.138407051490027,0.2062008234552887,0.044514,0.6258050466041407,1.2776474345945004,0.31122
kp_default,b603_5268v,0.4743046912622816,1.07577359025515,0.040642,0.533560618982742,1.3586075263361308,0.073706
kp_default,b647_5533v,0.1347550154901194,0.3066833097723103,0.33506,0.5300132080726416,1.348439434506986,0.274686
kp_default,b630_5347v,0.2565530653659926,0.6542139881800055,0.101184,0.2572583781150002,0.6177949148016098,0.146228
kp_default,b592_5353h,0.2402771636755683,0.5561605724172881,0.009394,0.1732509248361381,0.4227564122314586,0.026314
kp_default,b708_5533h,0.2040206357462291,0.5301858760113183,0.196346,0.3104029861403496,0.7974432650568888,0.187714
kp_default,b641_5497v,0.0673802195983106,0.1070155147665815,0.081778,0.4731719290992713,0.9882641723941914,0.22596
kp_default,b665_5439h,0.3705331737882623,0.886087280176935,0.349818,0.1942917386229059,0.3996206928714567,0.292394
"gen:las12-r1,las14-r1",b567_5528v,0.0771612006045491,0.0797405268570524,0.039284,0.6522608363693335,0.8900066861882768,0.093654
"gen:las12-r1,las14-r1",b744_5457v,0.5094447130673098,0.579422864331186,0.003146,0.4061188271137573,0.5875778077938021,0.009418
"gen:las12-r1,las14-r1",b757_5433h,0.4117312739603266,0.5599920815177942,0.060426,0.4337547127966289,0.7633762777475352,0.00802
"gen:las12-r1,las14-r1",b606_5528v,0.18040774640867,0.1925392294687415,0.016938,0.5102022224426624,0.6901314071353812,0.012078
"gen:las12-r1,las14-r1",b689_5500h,0.4628855957320688,0.6636609365737997,0.1565,0.3162614247558508,0.3588490712291557,0.073722
"gen:las12-r1,las14-r1",b760_5294h,0.2670415320119663,0.3138103194693187,0.00053,0.5245947581003897,0.9111092329317984,0.100784
"gen:las12-r1,las14-r1",b730_5549v,0.446280889237988,0.733102514546751,0.03243,0.4730022035710813,0.6599452347775364,0.012512
"gen:las12-r1,las14-r1",b659_5478h,0.3866142600743986,0.4121364041992119,0.00267,0.6455290726913219,0.993375356730981,0.009758
"gen:las12-r1,las14-r1",b676_5536h,0.7246105237574432,1.1452497265767407,0.1771,0.3471576947282763,0.5166597852186496,0.002148
"gen:las12-r1,las14-r1",b660_5566v,0.6547385971275643,0.9953508784234668,0.001962,0.3414766635019153,0.4210819670582456,0.153172
"gen:las12-r1,las14-r1",b716_5501h,0.3698111253779563,0.4682350992005964,0.03428,0.5426120481528567,0.9042574778139896,0.034076
"gen:las12-r1,las14-r1",b655_5402v,0.4065540109441342,0.64814587745313,0.037658,0.3417351325478968,0.6091077552705189,0.089084
"gen:las12-r1,las14-r1",b698_5291h,0.493423911686106,0.6744074527335847,0.19922,0.4102639715272784,0.6530624281206688,0.118314
"gen:las12-r1,las14-r1",b628_5401h,0.2347677231538808,0.2448849891344458,0.02444,0.6123286059134369,0.7964310419554929,0.303214
"gen:las12-r1,las14-r1",b603_5268v,0.631083266793604,0.8856376553446758,0.02314,0.5453576994380094,0.8852715178324349,0.038774
"gen:las12-r1,las14-r1",b647_5533v,0.2225585006882434,0.2867386675137354,0.320008,0.5534261881158293,1.0514215764134978,0.269684
"gen:las12-r1,las14-r1",b630_5347v,0.3590726768328238,0.6072129061898115,0.094512,0.2129711535408246,0.3292415726514337,0.118228
"gen:las12-r1,las14-r1",b592_5353h,0.3825335314432576,0.5325997911814312,0.00392,0.163050016754341,0.2579522561839666,0.009212
"gen:las12-r1,las14-r1",b708_5533h,0.3254387181714864,0.4982855251598271,0.178174,0.3091300017465105,0.5457514951546133,0.152596
"gen:las12-r1,las14-r1",b641_5497v,0.1678074444638344,0.1748244667213895,0.071686,0.4722678964287444,0.65557484494138,0.215458
"gen:las12-r1,las14-r1",b665_5439h,0.5569001593654579,0.8086124256395907,0.342392,0.1945849376082285,0.3020381952353378,0.271218
las14-r1,b567_5528v,0.0924414707364091,0.1096182430603841,0.039284,0.6522608363693335,0.8900066861882768,0.093654
las14-r1,b744_5457v,0.3524169147920161,0.4707767192879671,0.003192,0.4061188271137573,0.5875778077938021,0.009418
las14-r1,b757_5433h,0.2393426712441017,0.3826273143467683,0.060318,0.4337547127966289,0.7633762777475352,0.00802
las14-r1,b606_5528v,0.0973473112001285,0.138967609894637,0.016922,0.5102022224426624,0.6901314071353812,0.012078
las14-r1,b689_5500h,0.2533890729222736,0.4238730161741237,0.156554,0.3162614247558508,0.3588490712291557,0.073722
las14-r1,b760_5294h,0.1521951414735662,0.205730980109657,0.00052,0.5245947581003897,0.9111092329317984,0.100784
las14-r1,b730_5549v,0.3095883275769057,0.6331595036863874,0.032386,0.4730022035710813,0.6599452347775364,0.012512
las14-r1,b659_5478h,0.1564953386287206,0.1924287057851538,0.002654,0.6455290726913219,0.993375356730981,0.009758
las14-r1,b676_5536h,0.5227665803919477,0.8603853496309269,0.175502,0.3471576947282763,0.5166597852186496,0.002148
las14-r1,b660_5566v,0.4763032700485357,0.7977411455390029,0.001972,0.3414766635019153,0.4210819670582456,0.153172
las14-r1,b716_5501h,0.194866601220285,0.2747629639754949,0.034324,0.5426120481528567,0.9042574778139896,0.034076
las14-r1,b655_5402v,0.3144947264508755,0.5966041461006909,0.03765,0.3417351325478968,0.6091077552705189,0.089084
las14-r1,b698_5291h,0.2863626826002677,0.4878499630303151,0.199344,0.4102639715272784,0.6530624281206688,0.118314
las14-r1,b628_5401h,0.2002911118628084,0.2505099582807999,0.02443,0.6123286059134369,0.7964310419554929,0.303214
las14-r1,b603_5268v,0.4556887907084347,0.7810450758839823,0.023114,0.5453576994380094,0.8852715178324349,0.038774
las14-r1,b647_5533v,0.1521122617086373,0.2564191574488115,0.32016,0.5534261881158293,1.0514215764134978,0.269684
las14-r1,b630_5347v,0.2517705429370468,0.4967814334881132,0.094628,0.2129711535408246,0.3292415726514337,0.118228
las14-r1,b592_5353h,0.2286834079240881,0.356395228601087,0.003898,0.163050016754341,0.2579522561839666,0.009212
las14-r1,b708_5533h,0.2266204210782524,0.4430692466837045,0.1783,0.3091300017465105,0.5457514951546133,0.152596
las14-r1,b641_5497v,0.1072776547433367,0.127818900962541,0.071624,0.4722678964287444,0.65557484494138,0.215458
las14-r1,b665_5439h,0.3684506699517877,0.6376480966068956,0.34249,0.1945849376082285,0.3020381952353378,0.271218
"gen:las12-balanced,las14-balanced",b567_5528v,0.085906546103381,0.0999352489376453,0.039398,0.7201292874418768,0.982185495730472,0.092874
"gen:las12-balanced,las14-balanced",b744_5457v,0.4936402484143234,0.6824515774550165,0.002634,0.4494181926112581,0.6447512150012015,0.009466
"gen:las12-balanced,las14-balanced",b757_5433h,0.3732228319453332,0.5890577262029039,0.059318,0.497725032305146,0.8534747435243553,0.007898
"gen:las12-balanced,las14-balanced",b606_5528v,0.159330687137088,0.2137626593662542,0.015946,0.5398866771797638,0.742819143013885,0.012026
"gen:las12-balanced,las14-balanced",b689_5500h,0.4261862730501733,0.675958813951455,0.153694,0.4068066308839595,0.4779301589494911,0.073668
"gen:las12-balanced,las14-balanced",b760_5294h,0.3082989004832271,0.4506297960041219,0.00047,0.616864023771819,1.06426709489155,0.100784
"gen:las12-balanced,las14-balanced",b730_5549v,0.4712535032793585,0.8184217803882398,0.030908,0.5742854596714086,0.9013375352409346,0.012512
"gen:las12-balanced,las14-balanced",b659_5478h,0.3787431480423693,0.5007726302498271,0.00211,0.7131517877520355,1.1238631520907096,0.009762
"gen:las12-balanced,las14-balanced",b676_5536h,0.7236845608506334,1.20686383428819,0.173698,0.4442039268505825,0.7025939822498016,0.002152
"gen:las12-balanced,las14-balanced",b660_5566v,0.6510200361014447,1.106349006008226,0.001702,0.3867751184419977,0.4789567657186583,0.153172
"gen:las12-balanced,las14-balanced",b716_5501h,0.3515341765027231,0.5407361729600874,0.033488,0.6363751151406009,1.067887933265025,0.03379
"gen:las12-balanced,las14-balanced",b655_5402v,0.4183875313159659,0.776588215026267,0.036434,0.3994125188801855,0.7525685833713863,0.088992
"gen:las12-balanced,las14-balanced",b698_5291h,0.5012192689373162,0.8127038348376802,0.19788,0.4860539603758262,0.79960393973351,0.118316
"gen:las12-balanced,las14-balanced",b628_5401h,0.2548181451191498,0.3268859157498273,0.024002,0.6816148904288117,0.8911005345076042,0.303284
"gen:las12-balanced,las14-balanced",b603_5268v,0.6758282454618368,1.1477931186879022,0.022512,0.6584187463327549,1.1488558195278462,0.038788
"gen:las12-balanced,las14-balanced",b647_5533v,0.2284285400014666,0.3514438659529222,0.31815,0.5858436786392934,1.1038245231667314,0.269556
"gen:las12-balanced,las14-balanced",b630_5347v,0.323026317242842,0.5649072501099037,0.094662,0.3131572023480099,0.5210894475644386,0.118232
"gen:las12-balanced,las14-balanced",b592_5353h,0.3571731113961606,0.5872442332668887,0.003682,0.1955037172957708,0.3340438889191682,0.009226
"gen:las12-balanced,las14-balanced",b708_5533h,0.3461616941889784,0.600163724961498,0.176668,0.3841057571389136,0.721498021654449,0.152322
"gen:las12-balanced,las14-balanced",b641_5497v,0.2134965944219128,0.2683819413947801,0.070936,0.5236835195537847,0.7229865630664046,0.215446
"gen:las12-balanced,las14-balanced",b665_5439h,0.5109913263867625,0.8264367850938756,0.340298,0.2562546947906329,0.3912426048480395,0.270468
las14-balanced,b567_5528v,0.1358257799391287,0.1569974893725096,0.039284,0.7201292874418768,0.982185495730472,0.092874
las14-balanced,b744_5457v,0.4414070101735992,0.6069190906957008,0.003106,0.4494181926112581,0.6447512150012015,0.009466
las14-balanced,b757_5433h,0.2661082487938897,0.4283111902770596,0.060202,0.497725032305146,0.8534747435243553,0.007898
las14-balanced,b606_5528v,0.1519863447066411,0.2134677161765992,0.016938,0.5398866771797638,0.742819143013885,0.012026
las14-balanced,b689_5500h,0.321357025165657,0.5474994369436114,0.15639,0.4068066308839595,0.4779301589494911,0.073668
las14-balanced,b760_5294h,0.2084304681481185,0.3177444045344032,0.00053,0.616864023771819,1.06426709489155,0.100784
las14-balanced,b730_5549v,0.3574521445599943,0.7372547318318727,0.031876,0.5742854596714086,0.9013375352409346,0.012512
las14-balanced,b659_5478h,0.2142418834098702,0.2771432009144324,0.00266,0.7131517877520355,1.1238631520907096,0.009762
las14-balanced,b676_5536h,0.5835453075100694,0.9643422657513584,0.175214,0.4442039268505825,0.7025939822498016,0.002152
las14-balanced,b660_5566v,0.4779261325494109,0.7847099066386922,0.001942,0.3867751184419977,0.4789567657186583,0.153172
las14-balanced,b716_5501h,0.2376131000333423,0.3645605744000961,0.034262,0.6363751151406009,1.067887933265025,0.03379
las14-balanced,b655_5402v,0.3442682909089398,0.711719855613673,0.037582,0.3994125188801855,0.7525685833713863,0.088992
las14-balanced,b698_5291h,0.3700552764948757,0.6545156625061509,0.199298,0.4860539603758262,0.79960393973351,0.118316
las14-balanced,b628_5401h,0.2559514535241297,0.3298802738939685,0.02444,0.6816148904288117,0.8911005345076042,0.303284
las14-balanced,b603_5268v,0.5259707555166103,0.9537092012431566,0.023132,0.6584187463327549,1.1488558195278462,0.038788
las14-balanced,b647_5533v,0.1805942446339432,0.2921923397095549,0.320078,0.5858436786392934,1.1038245231667314,0.269556
las14-balanced,b630_5347v,0.3063852723007391,0.5953151990952026,0.094604,0.3131572023480099,0.5210894475644386,0.118232
las14-balanced,b592_5353h,0.2558408963135491,0.4251305116054935,0.00392,0.1955037172957708,0.3340438889191682,0.009226
las14-balanced,b708_5533h,0.2817017610466984,0.5671660679691988,0.178216,0.3841057571389136,0.721498021654449,0.152322
las14-balanced,b641_5497v,0.1563400157275048,0.1922935226379119,0.07169,0.5236835195537847,0.7229865630664046,0.215446
las14-balanced,b665_5439h,0.4054288408306072,0.6903808313954722,0.340338,0.2562546947906329,0.3912426048480395,0.270468
"gen:las12-clean,las14-clean",b567_5528v,0.1331097454345599,0.1667041394988633,0.039304,0.8074673150791135,1.1444193360820385,0.091936
"gen:las12-clean,las14-clean",b744_5457v,0.4762926711861687,0.6918969874443419,0.00284,0.5076281932206402,0.7320581987933805,0.009464
"gen:las12-clean,las14-clean",b757_5433h,0.3585200459164151,0.5910718081714212,0.05916,0.5427540468079103,0.9247465075493376,0.00786
"gen:las12-clean,las14-clean",b606_5528v,0.1634874338153842,0.2401121962621571,0.01601,0.6592968811677756,0.9054917115216832,0.012002
"gen:las12-clean,las14-clean",b689_5500h,0.4182777050559275,0.6876775056352871,0.153548,0.498620353137779,0.5791450939412127,0.073676
"gen:las12-clean,las14-clean",b760_5294h,0.3288385541204365,0.5138054885796324,0.00047,0.6535541123615497,1.0967883990925669,0.10076
"gen:las12-clean,las14-clean",b730_5549v,0.4920188897622687,0.894897329727031,0.030586,0.5843618732050342,0.7832734505065398,0.012516
"gen:las12-clean,las14-clean",b659_5478h,0.3843233546136962,0.5466961985989036,0.00221,0.7360433363495347,1.096076783867632,0.009792
"gen:las12-clean,las14-clean",b676_5536h,0.7156140036688722,1.2258994303083692,0.173588,0.4599994387855319,0.6425785399604746,0.002164
"gen:las12-clean,las14-clean",b660_5566v,0.6412164801811097,1.104458624247463,0.00171,0.4978084779785099,0.6025599244302751,0.1531
"gen:las12-clean,las14-clean",b716_5501h,0.3807927561062415,0.624042989927081,0.033448,0.6347403773132007,0.9793713102083976,0.033482
"gen:las12-clean,las14-clean",b655_5402v,0.4267298554587518,0.8402075016970052,0.036538,0.4303299116210133,0.760647746610309,0.08915
"gen:las12-clean,las14-clean",b698_5291h,0.4939552370908348,0.8528014839525195,0.197818,0.5287938758151404,0.8427944428692938,0.11825
"gen:las12-clean,las14-clean",b628_5401h,0.2906401821188321,0.4044132261547887,0.023934,0.7647806866459984,1.0298685268113446,0.30328
"gen:las12-clean,las14-clean",b603_5268v,0.6703236221455185,1.1907727688445398,0.022502,0.6503171009812653,0.979571539146574,0.038792
"gen:las12-clean,las14-clean",b647_5533v,0.2443677123209774,0.4181259123338746,0.317684,0.646112732669255,1.2165008296414743,0.269564
"gen:las12-clean,las14-clean",b630_5347v,0.3214939647270599,0.5786816269284714,0.09449,0.3133385503498804,0.4719494629875359,0.11827
"gen:las12-clean,las14-clean",b592_5353h,0.3467507362107279,0.5947839946683688,0.003682,0.2044179600998814,0.3078825241679737,0.009226
"gen:las12-clean,las14-clean",b708_5533h,0.3700716845878136,0.6858529786014705,0.176392,0.4040071466840377,0.6710778795023755,0.152614
"gen:las12-clean,las14-clean",b641_5497v,0.2570658561471334,0.3511768175340861,0.070884,0.5818209158355909,0.7874111473304056,0.215274
"gen:las12-clean,las14-clean",b665_5439h,0.4944803866608082,0.8434478265480826,0.33999,0.3190655725585865,0.4637610923557548,0.269542
"gen:las12-detail,las14-balanced",b567_5528v,0.16671454682471282,0.17632804986198022,0.039268,0.7201292874418768,0.9821854957304719,0.092874
"gen:las12-detail,las14-balanced",b744_5457v,0.5513584306406362,0.7444524323988763,0.001274,0.44941819261125815,0.6447512150012015,0.009466
"gen:las12-detail,las14-balanced",b757_5433h,0.4252211448498767,0.6354980011907799,0.05944,0.49772503230514603,0.8534747435243553,0.007898
"gen:las12-detail,las14-balanced",b606_5528v,0.2281029206949485,0.254642308904409,0.01633,0.5398866771797638,0.742819143013885,0.012026
"gen:las12-detail,las14-balanced",b689_5500h,0.5280417904409775,0.8117572071341042,0.149662,0.4068066308839595,0.4779301589494911,0.073668
"gen:las12-detail,las14-balanced",b760_5294h,0.3686032435244565,0.511130231208668,0.00047,0.616864023771819,1.06426709489155,0.100784
"gen:las12-detail,las14-balanced",b730_5549v,0.5981662664880142,1.075911447311646,0.031266,0.5742854596714086,0.9013375352409346,0.012512
"gen:las12-detail,las14-balanced",b659_5478h,0.5235058243278465,0.6280770695911945,0.00246,0.7131517877520355,1.1238631520907096,0.009762
"gen:las12-detail,las14-balanced",b676_5536h,0.7985970971747904,1.5153654726792924,0.175424,0.4442039268505825,0.7025939822498016,0.002152
"gen:las12-detail,las14-balanced",b660_5566v,0.7375246145718265,1.3842694875366217,0.000592,0.3867751184419977,0.4789567657186583,0.153172
"gen:las12-detail,las14-balanced",b716_5501h,0.5341931477072767,0.8253182900320878,0.0339,0.6363751151406009,1.067887933265025,0.03379
"gen:las12-detail,las14-balanced",b655_5402v,0.44319269292646224,0.7366318957911672,0.03655,0.3994125188801855,0.7525685833713863,0.088992
"gen:las12-detail,las14-balanced",b698_5291h,0.6002836702954899,0.9459856920684292,0.19625,0.4860539603758262,0.79960393973351,0.118316
"gen:las12-detail,las14-balanced",b628_5401h,0.3556255481692173,0.3955343164176168,0.024024,0.6816148904288117,0.8911005345076042,0.303284
"gen:las12-detail,las14-balanced",b603_5268v,0.7105000388769076,1.2582367890129766,0.022556,0.6584187463327549,1.1488558195278462,0.038788
"gen:las12-detail,las14-balanced",b647_5533v,0.2480562906435268,0.3467055848125452,0.317542,0.5858436786392934,1.1038245231667314,0.269556
"gen:las12-detail,las14-balanced",b630_5347v,0.3739763642223017,0.7062987537579297,0.093916,0.3131572023480099,0.5210894475644386,0.118232
"gen:las12-detail,las14-balanced",b592_5353h,0.4139678409595111,0.6878497130019455,0.003826,0.1955037172957708,0.3340438889191682,0.009226
"gen:las12-detail,las14-balanced",b708_5533h,0.4360308056009301,0.7844724431618215,0.175994,0.38410575713891365,0.721498021654449,0.152322
"gen:las12-detail,las14-balanced",b641_5497v,0.26063684338578996,0.2816403163331876,0.071106,0.5236835195537847,0.7229865630664046,0.215446
"gen:las12-detail,las14-balanced",b665_5439h,0.5928162361891399,0.9295139665818009,0.338564,0.2562546947906329,0.3912426048480395,0.270468
"gen:las12-balanced,las14-r1",b567_5528v,0.08590654610338101,0.09993524893764535,0.039398,0.6522608363693335,0.8900066861882768,0.093654
"gen:las12-balanced,las14-r1",b744_5457v,0.4936402484143234,0.6824515774550165,0.002634,0.40611882711375735,0.5875778077938021,0.009418
"gen:las12-balanced,las14-r1",b757_5433h,0.37322283194533323,0.5890577262029039,0.059318,0.43375471279662897,0.7633762777475352,0.00802
"gen:las12-balanced,las14-r1",b606_5528v,0.159330687137088,0.21376265936625427,0.015946,0.5102022224426624,0.6901314071353812,0.012078
"gen:las12-balanced,las14-r1",b689_5500h,0.42618627305017337,0.675958813951455,0.153694,0.31626142475585084,0.35884907122915577,0.073722
"gen:las12-balanced,las14-r1",b760_5294h,0.30829890048322717,0.4506297960041219,0.00047,0.5245947581003897,0.9111092329317984,0.100784
"gen:las12-balanced,las14-r1",b730_5549v,0.4712535032793585,0.8184217803882398,0.030908,0.47300220357108136,0.6599452347775364,0.012512
"gen:las12-balanced,las14-r1",b659_5478h,0.37874314804236936,0.5007726302498271,0.00211,0.6455290726913219,0.993375356730981,0.009758
"gen:las12-balanced,las14-r1",b676_5536h,0.7236845608506334,1.20686383428819,0.173698,0.34715769472827634,0.5166597852186496,0.002148
"gen:las12-balanced,las14-r1",b660_5566v,0.6510200361014447,1.106349006008226,0.001702,0.34147666350191536,0.4210819670582456,0.153172
"gen:las12-balanced,las14-r1",b716_5501h,0.3515341765027231,0.5407361729600874,0.033488,0.5426120481528567,0.9042574778139895,0.034076
"gen:las12-balanced,las14-r1",b655_5402v,0.4183875313159659,0.776588215026267,0.036434,0.34173513254789684,0.6091077552705189,0.089084
"gen:las12-balanced,las14-r1",b698_5291h,0.5012192689373162,0.8127038348376802,0.19788,0.41026397152727845,0.6530624281206688,0.118314
"gen:las12-balanced,las14-r1",b628_5401h,0.2548181451191498,0.32688591574982734,0.024002,0.6123286059134369,0.7964310419554929,0.303214
"gen:las12-balanced,las14-r1",b603_5268v,0.6758282454618368,1.1477931186879022,0.022512,0.5453576994380094,0.8852715178324349,0.038774
"gen:las12-balanced,las14-r1",b647_5533v,0.2284285400014666,0.3514438659529222,0.31815,0.5534261881158293,1.0514215764134978,0.269684
"gen:las12-balanced,las14-r1",b630_5347v,0.323026317242842,0.5649072501099037,0.094662,0.21297115354082463,0.3292415726514337,0.118228
"gen:las12-balanced,las14-r1",b592_5353h,0.35717311139616065,0.5872442332668887,0.003682,0.163050016754341,0.25795225618396667,0.009212
"gen:las12-balanced,las14-r1",b708_5533h,0.34616169418897846,0.600163724961498,0.176668,0.3091300017465105,0.5457514951546133,0.152596
"gen:las12-balanced,las14-r1",b641_5497v,0.2134965944219128,0.2683819413947801,0.070936,0.47226789642874445,0.65557484494138,0.215458
"gen:las12-balanced,las14-r1",b665_5439h,0.5109913263867625,0.8264367850938756,0.340298,0.1945849376082285,0.3020381952353378,0.271218
