number,knoll_precision,knoll_recall,overrides,default,knoll_ratio,pareto
0,0.03695652173913044,0.04985754985754986,{},True,8.185653235653236,False
1,0.03695652173913044,0.04985754985754986,"{""knolls"": ""0.571"", ""smoothing"": ""1.87"", ""curviness"": ""1.32""}",False,8.185653235653236,False
2,0.03695652173913044,0.04985754985754986,"{""knolls"": ""0.568"", ""smoothing"": ""1.23"", ""curviness"": ""1.38""}",False,8.185653235653236,False
3,0.03691756272401434,0.04985754985754986,"{""knolls"": ""0.466"", ""smoothing"": ""2.26"", ""curviness"": ""1.76""}",False,8.236446886446888,False
4,0.03691756272401434,0.04985754985754986,"{""knolls"": ""0.414"", ""smoothing"": ""2.04"", ""curviness"": ""1.23""}",False,8.236446886446888,False
5,0.03695652173913044,0.04985754985754986,"{""knolls"": ""0.590"", ""smoothing"": ""2.34"", ""curviness"": ""0.69""}",False,8.185653235653236,False
6,0.03678756476683938,0.04985754985754986,"{""knolls"": ""0.133"", ""smoothing"": ""0.34"", ""curviness"": ""1.60""}",False,9.24993894993895,False
7,0.03703703703703704,0.04985754985754986,"{""knolls"": ""0.789"", ""smoothing"": ""2.21"", ""curviness"": ""1.77""}",False,7.741208791208791,False
8,0.04074074074074074,0.04985754985754986,"{""knolls"": ""0.809"", ""smoothing"": ""1.32"", ""curviness"": ""1.54""}",False,7.733516483516484,False
9,0.03678756476683938,0.04985754985754986,"{""knolls"": ""0.162"", ""smoothing"": ""1.71"", ""curviness"": ""0.77""}",False,9.24993894993895,False
10,0.045498084291187735,0.04985754985754986,"{""knolls"": ""0.947"", ""smoothing"": ""1.45"", ""curviness"": ""1.10""}",False,7.18058608058608,True
11,0.03687943262411348,0.04985754985754986,"{""knolls"": ""0.301"", ""smoothing"": ""2.00"", ""curviness"": ""1.15""}",False,8.637240537240537,False
12,0.03695652173913044,0.04985754985754986,"{""knolls"": ""0.590"", ""smoothing"": ""0.34"", ""curviness"": ""1.34""}",False,8.185653235653236,False
14,0.03695652173913044,0.04985754985754986,"{""knolls"": ""0.571"", ""smoothing"": ""1.87"", ""curviness"": ""1.32""}",False,8.185653235653236,False
15,0.03695652173913044,0.04985754985754986,"{""knolls"": ""0.568"", ""smoothing"": ""1.23"", ""curviness"": ""1.38""}",False,8.185653235653236,False
16,0.03691756272401434,0.04985754985754986,"{""knolls"": ""0.466"", ""smoothing"": ""2.26"", ""curviness"": ""1.76""}",False,8.236446886446888,False
17,0.03691756272401434,0.04985754985754986,"{""knolls"": ""0.414"", ""smoothing"": ""2.04"", ""curviness"": ""1.23""}",False,8.236446886446888,False
18,0.03695652173913044,0.04985754985754986,"{""knolls"": ""0.590"", ""smoothing"": ""2.34"", ""curviness"": ""0.69""}",False,8.185653235653236,False
19,0.03678756476683938,0.04985754985754986,"{""knolls"": ""0.133"", ""smoothing"": ""0.34"", ""curviness"": ""1.60""}",False,9.24993894993895,False
20,0.03703703703703704,0.04985754985754986,"{""knolls"": ""0.789"", ""smoothing"": ""2.21"", ""curviness"": ""1.77""}",False,7.741208791208791,False
