number,ug_f1,ug_ba,overrides,default,green_bias,open_bias,ug_bias,speckle,boundary_ratio,open_f1,green_ba,green_kappa,pareto
0,0.0068978640407211834,0.5004355271804081,{},True,0.9297934080781239,1.067709208948141,0.18987212276214832,100.01172005524977,1.0134095798378722,0.6666658188773004,0.6748242001593531,0.3754137922257312,False
1,0.003937007874015748,0.5005941389290139,"{""undergrowth"": ""0.407"", ""undergrowth2"": ""0.842""}",False,0.9297934080781239,1.067709208948141,0.07381074168797955,100.01172005524977,1.0134095798378722,0.6666658188773004,0.6748242001593531,0.3754137922257312,False
2,0.004166666666666667,0.5009238619014491,"{""undergrowth"": ""0.442"", ""undergrowth2"": ""0.778""}",False,0.9297934080781239,1.067709208948141,0.034430946291560106,100.01172005524977,1.0134095798378722,0.6666658188773004,0.6748242001593531,0.3754137922257312,False
3,0.007122660608432398,0.4992986195538309,"{""undergrowth"": ""0.325"", ""undergrowth2"": ""0.720""}",False,0.9297934080781239,1.067709208948141,0.36664594995797045,100.01172005524977,1.0134095798378722,0.6666658188773004,0.6748242001593531,0.3754137922257312,False
4,0.006450439212017257,0.4995805237896477,"{""undergrowth"": ""0.334"", ""undergrowth2"": ""0.872""}",False,0.9297934080781239,1.067709208948141,0.34964751041797076,100.01172005524977,1.0134095798378722,0.6666658188773004,0.6748242001593531,0.3754137922257312,False
5,0.0,0.5,"{""undergrowth"": ""0.676"", ""undergrowth2"": ""0.919""}",False,0.9297934080781239,1.067709208948141,0.0,100.01172005524977,1.0134095798378722,0.6666658188773004,0.6748242001593531,0.3754137922257312,False
6,0.0,0.5,"{""undergrowth"": ""0.565"", ""undergrowth2"": ""0.891""}",False,0.9297934080781239,1.067709208948141,0.0,100.01172005524977,1.0134095798378722,0.6666658188773004,0.6748242001593531,0.3754137922257312,False
7,0.003937007874015748,0.500647307793327,"{""undergrowth"": ""0.419"", ""undergrowth2"": ""0.976""}",False,0.9297934080781239,1.067709208948141,0.07270780051150895,100.01172005524977,1.0134095798378722,0.6666658188773004,0.6748242001593531,0.3754137922257312,False
8,0.10706855614937688,0.5250795853734094,"{""undergrowth"": ""0.096"", ""undergrowth2"": ""0.167""}",False,0.9297934080781239,1.067709208948141,12.908224352596786,100.01172005524977,1.0134095798378722,0.6666658188773004,0.6748242001593531,0.3754137922257312,True
9,0.1068785730763007,0.5160795711263826,"{""undergrowth"": ""0.063"", ""undergrowth2"": ""0.566""}",False,0.9297934080781239,1.067709208948141,21.964950260142523,100.01172005524977,1.0134095798378722,0.6666658188773004,0.6748242001593531,0.3754137922257312,False
10,0.0,0.5,"{""undergrowth"": ""0.556"", ""undergrowth2"": ""1.080""}",False,0.9297934080781239,1.067709208948141,0.0,100.01172005524977,1.0134095798378722,0.6666658188773004,0.6748242001593531,0.3754137922257312,False
11,0.0,0.5,"{""undergrowth"": ""0.686"", ""undergrowth2"": ""1.170""}",False,0.9297934080781239,1.067709208948141,0.0,100.01172005524977,1.0134095798378722,0.6666658188773004,0.6748242001593531,0.3754137922257312,False
12,0.0068978640407211834,0.5004355271804081,"{""undergrowth"": ""0.350"", ""undergrowth2"": ""0.823""}",False,0.9297934080781239,1.067709208948141,0.18987212276214832,100.01172005524977,1.0134095798378722,0.6666658188773004,0.6748242001593531,0.3754137922257312,False
13,0.08286978398028727,0.5171354975471616,"{""undergrowth"": ""0.127"", ""undergrowth2"": ""0.518""}",False,0.9297934080781239,1.067709208948141,8.965087470817412,100.01172005524977,1.0134095798378722,0.6666658188773004,0.6748242001593531,0.3754137922257312,False
14,0.07562822436716451,0.5153321453919689,"{""undergrowth"": ""0.143"", ""undergrowth2"": ""0.711""}",False,0.9297934080781239,1.067709208948141,6.996693099620299,100.01172005524977,1.0134095798378722,0.6666658188773004,0.6748242001593531,0.3754137922257312,False
15,0.0037593984962406013,0.5003672199533498,"{""undergrowth"": ""0.389"", ""undergrowth2"": ""0.650""}",False,0.9297934080781239,1.067709208948141,0.13498081841432225,100.01172005524977,1.0134095798378722,0.6666658188773004,0.6748242001593531,0.3754137922257312,False
16,0.028414799586057977,0.49338724618718216,"{""undergrowth"": ""0.222"", ""undergrowth2"": ""0.691""}",False,0.9297934080781239,1.067709208948141,2.356156096847303,100.01172005524977,1.0134095798378722,0.6666658188773004,0.6748242001593531,0.3754137922257312,False
17,0.006862052730696799,0.500325050776518,"{""undergrowth"": ""0.346"", ""undergrowth2"": ""0.696""}",False,0.9297934080781239,1.067709208948141,0.2680458480138787,100.01172005524977,1.0134095798378722,0.6666658188773004,0.6748242001593531,0.3754137922257312,False
18,0.10705515235289065,0.5163154475623022,"{""undergrowth"": ""0.062"", ""undergrowth2"": ""0.440""}",False,0.9297934080781239,1.067709208948141,22.260081853182207,100.01172005524977,1.0134095798378722,0.6666658188773004,0.6748242001593531,0.3754137922257312,False
20,0.003937007874015748,0.5005941389290139,"{""undergrowth"": ""0.407"", ""undergrowth2"": ""0.842""}",False,0.9297934080781239,1.067709208948141,0.07381074168797955,100.01172005524977,1.0134095798378722,0.6666658188773004,0.6748242001593531,0.3754137922257312,False
