number,green_ba,green_kappa,readability,overrides,default,green_bias,open_bias,ug_bias,speckle,boundary_ratio,open_f1,ug_f1,pareto
0,0.7154411436890893,0.41335194071556725,-0.19556969867904028,{},True,1.1506537711685654,1.1097608497056763,0.10812020460358056,67.3063715566363,1.2176999002683326,0.6887027373059329,0.00919715205429491,False
1,0.5197181162798142,0.03697955432043324,-2.686506239438701,"{""zone1"": ""1.10|3.37|99|1"", ""zone2"": ""3.37|5.00|99|0.42"", ""zone3"": ""5.00|7.41|8|0.39"", ""thresold1"": ""0.20|3|0.074"", ""thresold2"": ""3|4|0.074"", ""thresold3"": ""4|7|0.074"", ""thresold4"": ""7|20|0.289"", ""thresold5"": ""20|99|0.289"", ""greenground"": ""0.50"", ""greenhigh"": ""1.26"", ""topweight"": ""0.87"", ""pointvolumefactor"": ""0.39"", ""firstandlastreturnasground"": ""4"", ""firstandlastreturnfactor"": ""0.98"", ""lastreturnfactor"": ""0.80"", ""greendetectsize"": ""4"", ""groundboxsize"": ""3"", ""medianboxsize"": ""3"", ""medianboxsize2"": ""7"", ""greenshades"": ""0.897|1.240|3.384"", ""greenshadeisom"": ""406|408|410"", ""vegesimplify"": ""1.00""}",False,0.04513955941409814,1.1061782668928883,0.1121842564937194,3.9850545819129017,0.09117003064519301,0.6852268571577217,0.0011337868480725624,False
2,0.6810216593137862,0.2726511222930692,-0.2882838496312703,"{""zone1"": ""1.54|2.95|99|1"", ""zone2"": ""2.95|4.16|99|0.77"", ""zone3"": ""4.16|5.59|8|0.27"", ""thresold1"": ""0.20|3|0.110"", ""thresold2"": ""3|4|0.110"", ""thresold3"": ""4|7|0.110"", ""thresold4"": ""7|20|0.021"", ""thresold5"": ""20|99|0.021"", ""greenground"": ""1.24"", ""greenhigh"": ""1.37"", ""topweight"": ""0.73"", ""pointvolumefactor"": ""0.34"", ""firstandlastreturnasground"": ""1"", ""firstandlastreturnfactor"": ""0.13"", ""lastreturnfactor"": ""0.32"", ""greendetectsize"": ""2"", ""groundboxsize"": ""3"", ""medianboxsize"": ""9"", ""medianboxsize2"": ""9"", ""greenshades"": ""0.318|1.035|2.305"", ""greenshadeisom"": ""406|408|410"", ""vegesimplify"": ""0.86""}",False,1.6266465899588496,1.143516487489628,0.17888408479840703,80.32142384370073,1.339703675578346,0.6872463760328719,0.010430672696899318,False
3,0.6163997661981223,0.14264232329302573,-0.24947112962766738,"{""zone1"": ""0.73|2.15|99|1"", ""zone2"": ""2.15|3.89|99|0.47"", ""zone3"": ""3.89|5.28|8|0.15"", ""thresold1"": ""0.20|3|0.032"", ""thresold2"": ""3|4|0.032"", ""thresold3"": ""4|7|0.032"", ""thresold4"": ""7|20|0.028"", ""thresold5"": ""20|99|0.028"", ""greenground"": ""0.52"", ""greenhigh"": ""3.93"", ""topweight"": ""0.57"", ""pointvolumefactor"": ""0.49"", ""firstandlastreturnasground"": ""3"", ""firstandlastreturnfactor"": ""0.74"", ""lastreturnfactor"": ""0.04"", ""greendetectsize"": ""5"", ""groundboxsize"": ""1"", ""medianboxsize"": ""7"", ""medianboxsize2"": ""1"", ""greenshades"": ""0.357|0.513|0.874"", ""greenshadeisom"": ""406|408|410"", ""vegesimplify"": ""1.61""}",False,2.2967861974600297,1.1407589932580915,0.04895093717024663,66.62659655759339,1.2912560209108588,0.6873305952090923,0.0023432923257176333,False
4,0.6468887792120489,0.3753667060859473,-0.7910437425939564,"{""zone1"": ""0.96|1.94|99|1"", ""zone2"": ""1.94|3.76|99|0.27"", ""zone3"": ""3.76|6.25|8|0.31"", ""thresold1"": ""0.20|3|0.027"", ""thresold2"": ""3|4|0.027"", ""thresold3"": ""4|7|0.027"", ""thresold4"": ""7|20|0.112"", ""thresold5"": ""20|99|0.112"", ""greenground"": ""1.10"", ""greenhigh"": ""1.26"", ""topweight"": ""0.86"", ""pointvolumefactor"": ""0.00"", ""firstandlastreturnasground"": ""3"", ""firstandlastreturnfactor"": ""0.27"", ""lastreturnfactor"": ""0.74"", ""greendetectsize"": ""3"", ""groundboxsize"": ""1"", ""medianboxsize"": ""13"", ""medianboxsize2"": ""5"", ""greenshades"": ""0.809|1.088|2.565"", ""greenshadeisom"": ""406|408|410"", ""vegesimplify"": ""2.50""}",False,0.3856995605061451,1.0902526540446467,0.10812020460358056,20.491568113774164,0.47195650054701205,0.6861807552588552,0.00919715205429491,False
5,0.6439539030866027,0.30953716827702554,-0.1571484631695337,"{""zone1"": ""0.75|3.90|99|1"", ""zone2"": ""3.90|5.18|99|0.70"", ""zone3"": ""5.18|8.64|8|0.18"", ""thresold1"": ""0.20|3|0.229"", ""thresold2"": ""3|4|0.229"", ""thresold3"": ""4|7|0.229"", ""thresold4"": ""7|20|0.066"", ""thresold5"": ""20|99|0.066"", ""greenground"": ""1.17"", ""greenhigh"": ""2.39"", ""topweight"": ""0.69"", ""pointvolumefactor"": ""0.01"", ""firstandlastreturnasground"": ""2"", ""firstandlastreturnfactor"": ""0.66"", ""lastreturnfactor"": ""0.29"", ""greendetectsize"": ""5"", ""groundboxsize"": ""1"", ""medianboxsize"": ""3"", ""medianboxsize2"": ""3"", ""greenshades"": ""0.700|1.350|4.157"", ""greenshadeisom"": ""406|408|410"", ""vegesimplify"": ""2.49""}",False,1.9535864040330706,1.1254218861694074,0.04895093717024663,58.57835138840985,1.1720903412131871,0.6901140076546598,0.0023432923257176333,False
6,0.6880978974992836,0.46178410208974924,-0.314244772355103,"{""zone1"": ""1.15|3.06|99|1"", ""zone2"": ""3.06|4.80|99|0.43"", ""zone3"": ""4.80|7.58|8|0.54"", ""thresold1"": ""0.20|3|0.060"", ""thresold2"": ""3|4|0.060"", ""thresold3"": ""4|7|0.060"", ""thresold4"": ""7|20|0.074"", ""thresold5"": ""20|99|0.074"", ""greenground"": ""0.58"", ""greenhigh"": ""3.63"", ""topweight"": ""0.33"", ""pointvolumefactor"": ""0.31"", ""firstandlastreturnasground"": ""1"", ""firstandlastreturnfactor"": ""0.85"", ""lastreturnfactor"": ""0.81"", ""greendetectsize"": ""5"", ""groundboxsize"": ""1"", ""medianboxsize"": ""1"", ""medianboxsize2"": ""7"", ""greenshades"": ""0.723|2.063|3.711"", ""greenshadeisom"": ""406|408|410"", ""vegesimplify"": ""2.09""}",False,1.8685695610251294,1.1257918317790663,0.04895093717024663,73.65932129217401,1.3748233007603865,0.6885469087582875,0.0023432923257176333,False
7,0.6363158000974248,0.16942858711782097,-0.17862327856179797,"{""zone1"": ""1.29|3.71|99|1"", ""zone2"": ""3.71|6.15|99|0.01"", ""zone3"": ""6.15|9.65|8|0.22"", ""thresold1"": ""0.20|3|0.178"", ""thresold2"": ""3|4|0.178"", ""thresold3"": ""4|7|0.178"", ""thresold4"": ""7|20|0.033"", ""thresold5"": ""20|99|0.033"", ""greenground"": ""1.51"", ""greenhigh"": ""3.17"", ""topweight"": ""0.23"", ""pointvolumefactor"": ""0.08"", ""firstandlastreturnasground"": ""3"", ""firstandlastreturnfactor"": ""0.58"", ""lastreturnfactor"": ""0.24"", ""greendetectsize"": ""3"", ""groundboxsize"": ""1"", ""medianboxsize"": ""11"", ""medianboxsize2"": ""5"", ""greenshades"": ""0.238|0.357|0.721"", ""greenshadeisom"": ""406|408|410"", ""vegesimplify"": ""3.06""}",False,2.088354313705455,1.1199870910678247,0.10812020460358056,64.13783017330518,1.199188284594435,0.6887041049458412,0.00919715205429491,False
8,0.6250189663160723,0.1670081614011627,-0.45374511150180385,"{""zone1"": ""0.84|2.68|99|1"", ""zone2"": ""2.68|3.44|99|0.94"", ""zone3"": ""3.44|4.59|8|0.44"", ""thresold1"": ""0.20|3|0.087"", ""thresold2"": ""3|4|0.087"", ""thresold3"": ""4|7|0.087"", ""thresold4"": ""7|20|0.040"", ""thresold5"": ""20|99|0.040"", ""greenground"": ""0.43"", ""greenhigh"": ""1.39"", ""topweight"": ""0.74"", ""pointvolumefactor"": ""0.23"", ""firstandlastreturnasground"": ""3"", ""firstandlastreturnfactor"": ""0.90"", ""lastreturnfactor"": ""0.99"", ""greendetectsize"": ""3"", ""groundboxsize"": ""3"", ""medianboxsize"": ""5"", ""medianboxsize2"": ""1"", ""greenshades"": ""0.107|0.228|0.963"", ""greenshadeisom"": ""406|408|410"", ""vegesimplify"": ""3.15""}",False,2.169889140797376,1.1378056119448816,0.10812020460358056,83.54814721200317,1.580932406459392,0.6885110595392722,0.00919715205429491,False
9,0.6336274308394206,0.2128687617366918,-0.16149178212800286,"{""zone1"": ""0.85|2.64|99|1"", ""zone2"": ""2.64|4.24|99|0.63"", ""zone3"": ""4.24|7.65|8|0.52"", ""thresold1"": ""0.20|3|0.045"", ""thresold2"": ""3|4|0.045"", ""thresold3"": ""4|7|0.045"", ""thresold4"": ""7|20|0.218"", ""thresold5"": ""20|99|0.218"", ""greenground"": ""0.66"", ""greenhigh"": ""2.65"", ""topweight"": ""0.22"", ""pointvolumefactor"": ""0.10"", ""firstandlastreturnasground"": ""2"", ""firstandlastreturnfactor"": ""0.37"", ""lastreturnfactor"": ""0.46"", ""greendetectsize"": ""3"", ""groundboxsize"": ""3"", ""medianboxsize"": ""19"", ""medianboxsize2"": ""1"", ""greenshades"": ""0.087|2.235|3.803"", ""greenshadeisom"": ""406|408|410"", ""vegesimplify"": ""2.31""}",False,2.2801135563394372,1.0790621297628127,0.10812020460358056,62.7506227691756,1.1799477964506047,0.6959106589436385,0.00919715205429491,False
10,0.7232929953848343,0.4807626673861089,-0.13782608456907555,"{""zone1"": ""0.65|3.38|99|1"", ""zone2"": ""3.38|4.55|99|0.18"", ""zone3"": ""4.55|7.03|8|0.09"", ""thresold1"": ""0.20|3|0.086"", ""thresold2"": ""3|4|0.086"", ""thresold3"": ""4|7|0.086"", ""thresold4"": ""7|20|0.058"", ""thresold5"": ""20|99|0.058"", ""greenground"": ""1.55"", ""greenhigh"": ""2.02"", ""topweight"": ""0.39"", ""pointvolumefactor"": ""0.05"", ""firstandlastreturnasground"": ""1"", ""firstandlastreturnfactor"": ""0.93"", ""lastreturnfactor"": ""0.67"", ""greendetectsize"": ""2"", ""groundboxsize"": ""1"", ""medianboxsize"": ""13"", ""medianboxsize2"": ""1"", ""greenshades"": ""0.837|2.011|3.895"", ""greenshadeisom"": ""406|408|410"", ""vegesimplify"": ""2.20""}",False,1.2081386692587344,1.1123341199564776,0.17888408479840703,62.49814255283058,1.1543318925420012,0.6916422104964971,0.010430672696899318,False
11,0.7057421165362614,0.3016660063890914,-0.05587411287111884,"{""zone1"": ""1.58|3.73|99|1"", ""zone2"": ""3.73|4.77|99|0.23"", ""zone3"": ""4.77|8.64|8|0.57"", ""thresold1"": ""0.20|3|0.336"", ""thresold2"": ""3|4|0.336"", ""thresold3"": ""4|7|0.336"", ""thresold4"": ""7|20|0.219"", ""thresold5"": ""20|99|0.219"", ""greenground"": ""0.58"", ""greenhigh"": ""3.95"", ""topweight"": ""0.58"", ""pointvolumefactor"": ""0.25"", ""firstandlastreturnasground"": ""3"", ""firstandlastreturnfactor"": ""0.37"", ""lastreturnfactor"": ""0.14"", ""greendetectsize"": ""2"", ""groundboxsize"": ""1"", ""medianboxsize"": ""11"", ""medianboxsize2"": ""3"", ""greenshades"": ""0.331|1.999|2.480"", ""greenshadeisom"": ""406|408|410"", ""vegesimplify"": ""0.84""}",False,0.8377172320644858,1.1134843005118829,0.17888408479840703,45.905346796618005,0.9462370562232546,0.6870708046260506,0.010430672696899318,False
12,0.5585613556803936,0.06417472568587283,-0.23896935726836202,"{""zone1"": ""1.45|3.94|99|1"", ""zone2"": ""3.94|6.35|99|0.77"", ""zone3"": ""6.35|10.03|8|0.20"", ""thresold1"": ""0.20|3|0.026"", ""thresold2"": ""3|4|0.026"", ""thresold3"": ""4|7|0.026"", ""thresold4"": ""7|20|0.068"", ""thresold5"": ""20|99|0.068"", ""greenground"": ""0.50"", ""greenhigh"": ""1.45"", ""topweight"": ""0.74"", ""pointvolumefactor"": ""0.12"", ""firstandlastreturnasground"": ""2"", ""firstandlastreturnfactor"": ""0.56"", ""lastreturnfactor"": ""0.86"", ""greendetectsize"": ""4"", ""groundboxsize"": ""1"", ""medianboxsize"": ""3"", ""medianboxsize2"": ""1"", ""greenshades"": ""0.100|0.253|0.488"", ""greenshadeisom"": ""406|408|410"", ""vegesimplify"": ""1.56""}",False,2.5542694446675878,1.1516109128030525,0.1121842564937194,65.59495808790018,1.2851490049885357,0.6853705298125163,0.0011337868480725624,False
13,0.6611582603767038,0.43518785969823764,-0.2225605733387718,"{""zone1"": ""0.79|2.80|99|1"", ""zone2"": ""2.80|4.61|99|0.28"", ""zone3"": ""4.61|7.54|8|0.23"", ""thresold1"": ""0.20|3|0.034"", ""thresold2"": ""3|4|0.034"", ""thresold3"": ""4|7|0.034"", ""thresold4"": ""7|20|0.212"", ""thresold5"": ""20|99|0.212"", ""greenground"": ""0.73"", ""greenhigh"": ""2.24"", ""topweight"": ""0.36"", ""pointvolumefactor"": ""0.23"", ""firstandlastreturnasground"": ""1"", ""firstandlastreturnfactor"": ""0.80"", ""lastreturnfactor"": ""0.08"", ""greendetectsize"": ""2"", ""groundboxsize"": ""1"", ""medianboxsize"": ""13"", ""medianboxsize2"": ""9"", ""greenshades"": ""0.059|1.002|3.063"", ""greenshadeisom"": ""406|408|410"", ""vegesimplify"": ""2.76""}",False,2.11154799852801,1.0930063254297802,0.17888408479840703,64.37837012022939,1.2534198024284346,0.692413598927805,0.010430672696899318,False
14,0.7039085557821712,0.3971992198122199,-0.055931507354113785,"{""zone1"": ""0.54|2.75|99|1"", ""zone2"": ""2.75|4.17|99|0.68"", ""zone3"": ""4.17|6.55|8|0.17"", ""thresold1"": ""0.20|3|0.029"", ""thresold2"": ""3|4|0.029"", ""thresold3"": ""4|7|0.029"", ""thresold4"": ""7|20|0.065"", ""thresold5"": ""20|99|0.065"", ""greenground"": ""1.27"", ""greenhigh"": ""2.32"", ""topweight"": ""0.92"", ""pointvolumefactor"": ""0.35"", ""firstandlastreturnasground"": ""3"", ""firstandlastreturnfactor"": ""0.33"", ""lastreturnfactor"": ""0.76"", ""greendetectsize"": ""4"", ""groundboxsize"": ""1"", ""medianboxsize"": ""3"", ""medianboxsize2"": ""7"", ""greenshades"": ""0.878|1.060|4.060"", ""greenshadeisom"": ""406|408|410"", ""vegesimplify"": ""3.86""}",False,0.9429576934616716,1.095506237426382,0.1121842564937194,57.764405336207886,0.9461344983131923,0.6906666605086477,0.0011337868480725624,False
15,0.6216065716403997,0.2527015095011941,-0.6970033356031332,"{""zone1"": ""1.00|3.10|99|1"", ""zone2"": ""3.10|5.29|99|0.95"", ""zone3"": ""5.29|7.39|8|0.35"", ""thresold1"": ""0.20|3|0.234"", ""thresold2"": ""3|4|0.234"", ""thresold3"": ""4|7|0.234"", ""thresold4"": ""7|20|0.304"", ""thresold5"": ""20|99|0.304"", ""greenground"": ""1.42"", ""greenhigh"": ""1.29"", ""topweight"": ""0.97"", ""pointvolumefactor"": ""0.18"", ""firstandlastreturnasground"": ""2"", ""firstandlastreturnfactor"": ""0.02"", ""lastreturnfactor"": ""0.19"", ""greendetectsize"": ""4"", ""groundboxsize"": ""3"", ""medianboxsize"": ""3"", ""medianboxsize2"": ""9"", ""greenshades"": ""0.575|0.742|2.058"", ""greenshadeisom"": ""406|408|410"", ""vegesimplify"": ""3.54""}",False,0.3704098755364004,1.09337725763175,0.1121842564937194,25.02060586447645,0.5064503921488485,0.6887343144849337,0.0011337868480725624,False
16,0.5910760035925248,0.18514778535100607,-0.1332000064065166,"{""zone1"": ""1.00|2.52|99|1"", ""zone2"": ""2.52|3.33|99|0.03"", ""zone3"": ""3.33|5.98|8|0.01"", ""thresold1"": ""0.20|3|0.072"", ""thresold2"": ""3|4|0.072"", ""thresold3"": ""4|7|0.072"", ""thresold4"": ""7|20|0.025"", ""thresold5"": ""20|99|0.025"", ""greenground"": ""1.57"", ""greenhigh"": ""3.97"", ""topweight"": ""0.53"", ""pointvolumefactor"": ""0.08"", ""firstandlastreturnasground"": ""3"", ""firstandlastreturnfactor"": ""0.49"", ""lastreturnfactor"": ""0.99"", ""greendetectsize"": ""5"", ""groundboxsize"": ""3"", ""medianboxsize"": ""7"", ""medianboxsize2"": ""3"", ""greenshades"": ""0.106|0.310|0.737"", ""greenshadeisom"": ""406|408|410"", ""vegesimplify"": ""2.82""}",False,2.417427245434777,1.1210334000462707,0.04895093717024663,53.89386060715186,1.1452432916326478,0.6877808859180506,0.0023432923257176333,False
17,0.605989183658212,0.2810444104193072,-0.31846500710669584,"{""zone1"": ""0.77|3.26|99|1"", ""zone2"": ""3.26|4.70|99|0.55"", ""zone3"": ""4.70|6.69|8|0.17"", ""thresold1"": ""0.20|3|0.166"", ""thresold2"": ""3|4|0.166"", ""thresold3"": ""4|7|0.166"", ""thresold4"": ""7|20|0.069"", ""thresold5"": ""20|99|0.069"", ""greenground"": ""1.58"", ""greenhigh"": ""3.91"", ""topweight"": ""0.92"", ""pointvolumefactor"": ""0.15"", ""firstandlastreturnasground"": ""4"", ""firstandlastreturnfactor"": ""0.25"", ""lastreturnfactor"": ""0.11"", ""greendetectsize"": ""5"", ""groundboxsize"": ""1"", ""medianboxsize"": ""15"", ""medianboxsize2"": ""1"", ""greenshades"": ""0.147|1.587|4.782"", ""greenshadeisom"": ""406|408|410"", ""vegesimplify"": ""3.06""}",False,2.057179397168039,1.1271777490512067,0.04895093717024663,71.5969224510413,1.3813115878499225,0.6876441173083258,0.0023432923257176333,False
18,0.6738637727197904,0.3394480732471637,-0.5900007880262081,"{""zone1"": ""1.47|2.40|99|1"", ""zone2"": ""2.40|3.53|99|0.75"", ""zone3"": ""3.53|5.34|8|0.14"", ""thresold1"": ""0.20|3|0.033"", ""thresold2"": ""3|4|0.033"", ""thresold3"": ""4|7|0.033"", ""thresold4"": ""7|20|0.077"", ""thresold5"": ""20|99|0.077"", ""greenground"": ""1.53"", ""greenhigh"": ""3.30"", ""topweight"": ""0.76"", ""pointvolumefactor"": ""0.48"", ""firstandlastreturnasground"": ""4"", ""firstandlastreturnfactor"": ""0.45"", ""lastreturnfactor"": ""0.07"", ""greendetectsize"": ""3"", ""groundboxsize"": ""1"", ""medianboxsize"": ""9"", ""medianboxsize2"": ""1"", ""greenshades"": ""0.124|1.614|2.022"", ""greenshadeisom"": ""406|408|410"", ""vegesimplify"": ""2.61""}",False,1.7203382191120564,1.1210264058966943,0.10812020460358056,100.55015733935494,1.812241300324333,0.6886189121701126,0.00919715205429491,False
19,0.608573603888947,0.19711627236300674,-0.23928076598558193,"{""zone1"": ""0.92|3.77|99|1"", ""zone2"": ""3.77|6.20|99|0.27"", ""zone3"": ""6.20|8.61|8|0.36"", ""thresold1"": ""0.20|3|0.294"", ""thresold2"": ""3|4|0.294"", ""thresold3"": ""4|7|0.294"", ""thresold4"": ""7|20|0.068"", ""thresold5"": ""20|99|0.068"", ""greenground"": ""0.85"", ""greenhigh"": ""2.67"", ""topweight"": ""0.80"", ""pointvolumefactor"": ""0.17"", ""firstandlastreturnasground"": ""4"", ""firstandlastreturnfactor"": ""0.86"", ""lastreturnfactor"": ""0.05"", ""greendetectsize"": ""4"", ""groundboxsize"": ""3"", ""medianboxsize"": ""3"", ""medianboxsize2"": ""3"", ""greenshades"": ""0.261|0.501|1.284"", ""greenshadeisom"": ""406|408|410"", ""vegesimplify"": ""3.09""}",False,2.059873250632094,1.116396351506353,0.1121842564937194,58.23556119529599,1.275820904460044,0.6896752608705429,0.0011337868480725624,False
20,0.7362066183639951,0.5041290342060983,-0.4056958473159607,"{""zone1"": ""0.52|3.47|99|1"", ""zone2"": ""3.47|3.82|99|0.14"", ""zone3"": ""3.82|4.39|8|0.04"", ""thresold1"": ""0.20|3|0.120"", ""thresold2"": ""3|4|0.120"", ""thresold3"": ""4|7|0.120"", ""thresold4"": ""7|20|0.116"", ""thresold5"": ""20|99|0.116"", ""greenground"": ""1.34"", ""greenhigh"": ""1.91"", ""topweight"": ""0.46"", ""pointvolumefactor"": ""0.39"", ""firstandlastreturnasground"": ""1"", ""firstandlastreturnfactor"": ""0.01"", ""lastreturnfactor"": ""0.61"", ""greendetectsize"": ""2"", ""groundboxsize"": ""1"", ""medianboxsize"": ""21"", ""medianboxsize2"": ""7"", ""greenshades"": ""0.497|0.924|4.273"", ""greenshadeisom"": ""406|408|410"", ""vegesimplify"": ""3.93""}",False,0.9139580008693651,1.0940581309096136,0.17888408479840703,33.283641730817806,0.6666998682879832,0.6885094332602061,0.010430672696899318,False
21,0.7376934369597882,0.5075781764777577,-0.39508799745980916,"{""zone1"": ""0.50|3.47|99|1"", ""zone2"": ""3.47|3.78|99|0.13"", ""zone3"": ""3.78|4.33|8|0.05"", ""thresold1"": ""0.20|3|0.111"", ""thresold2"": ""3|4|0.111"", ""thresold3"": ""4|7|0.111"", ""thresold4"": ""7|20|0.108"", ""thresold5"": ""20|99|0.108"", ""greenground"": ""1.33"", ""greenhigh"": ""1.83"", ""topweight"": ""0.45"", ""pointvolumefactor"": ""0.40"", ""firstandlastreturnasground"": ""1"", ""firstandlastreturnfactor"": ""0.01"", ""lastreturnfactor"": ""0.60"", ""greendetectsize"": ""2"", ""groundboxsize"": ""1"", ""medianboxsize"": ""21"", ""medianboxsize2"": ""7"", ""greenshades"": ""0.520|0.991|4.941"", ""greenshadeisom"": ""406|408|410"", ""vegesimplify"": ""3.96""}",False,0.9323665428616031,1.0956657796348264,0.17888408479840703,34.60261259370564,0.6737104542879425,0.6882894741106166,0.010430672696899318,False
22,0.7440726907185701,0.4736422283254765,-0.11402321001761555,"{""zone1"": ""0.51|3.54|99|1"", ""zone2"": ""3.54|3.87|99|0.14"", ""zone3"": ""3.87|6.94|8|0.08"", ""thresold1"": ""0.20|3|0.055"", ""thresold2"": ""3|4|0.055"", ""thresold3"": ""4|7|0.055"", ""thresold4"": ""7|20|0.046"", ""thresold5"": ""20|99|0.046"", ""greenground"": ""1.03"", ""greenhigh"": ""2.06"", ""topweight"": ""0.40"", ""pointvolumefactor"": ""0.42"", ""firstandlastreturnasground"": ""1"", ""firstandlastreturnfactor"": ""0.15"", ""lastreturnfactor"": ""0.60"", ""greendetectsize"": ""2"", ""groundboxsize"": ""1"", ""medianboxsize"": ""17"", ""medianboxsize2"": ""5"", ""greenshades"": ""0.987|1.472|5.312"", ""greenshadeisom"": ""406|408|410"", ""vegesimplify"": ""3.93""}",False,1.215561487566551,1.100258661601912,0.17888408479840703,45.29206737901655,0.8939862784410127,0.6894683159085827,0.010430672696899318,True
23,0.7393691899860183,0.5020749917335806,-0.08590529929152245,"{""zone1"": ""0.62|3.24|99|1"", ""zone2"": ""3.24|3.84|99|0.15"", ""zone3"": ""3.84|6.74|8|0.08"", ""thresold1"": ""0.20|3|0.050"", ""thresold2"": ""3|4|0.050"", ""thresold3"": ""4|7|0.050"", ""thresold4"": ""7|20|0.042"", ""thresold5"": ""20|99|0.042"", ""greenground"": ""0.96"", ""greenhigh"": ""1.89"", ""topweight"": ""0.35"", ""pointvolumefactor"": ""0.43"", ""firstandlastreturnasground"": ""2"", ""firstandlastreturnfactor"": ""0.17"", ""lastreturnfactor"": ""0.61"", ""greendetectsize"": ""2"", ""groundboxsize"": ""1"", ""medianboxsize"": ""17"", ""medianboxsize2"": ""5"", ""greenshades"": ""0.850|1.589|4.007"", ""greenshadeisom"": ""406|408|410"", ""vegesimplify"": ""3.66""}",False,1.2230633382251497,1.0882105452669333,0.17888408479840703,47.848184999873006,0.9192243905843891,0.6890596744026221,0.010430672696899318,False
24,0.7425922682024598,0.5055661711772711,-0.13150006845670806,"{""zone1"": ""0.62|3.14|99|1"", ""zone2"": ""3.14|3.69|99|0.36"", ""zone3"": ""3.69|6.82|8|0.11"", ""thresold1"": ""0.20|3|0.049"", ""thresold2"": ""3|4|0.049"", ""thresold3"": ""4|7|0.049"", ""thresold4"": ""7|20|0.044"", ""thresold5"": ""20|99|0.044"", ""greenground"": ""0.98"", ""greenhigh"": ""1.70"", ""topweight"": ""0.28"", ""pointvolumefactor"": ""0.43"", ""firstandlastreturnasground"": ""2"", ""firstandlastreturnfactor"": ""0.18"", ""lastreturnfactor"": ""0.45"", ""greendetectsize"": ""2"", ""groundboxsize"": ""1"", ""medianboxsize"": ""17"", ""medianboxsize2"": ""5"", ""greenshades"": ""0.973|1.592|4.282"", ""greenshadeisom"": ""406|408|410"", ""vegesimplify"": ""3.58""}",False,1.1464703084076648,1.091319310893103,0.17888408479840703,45.50046002340084,0.8776376709174724,0.689015763311917,0.010430672696899318,False
25,0.7124216391975754,0.46830472736813916,-0.060943653284795646,"{""zone1"": ""0.62|2.92|99|1"", ""zone2"": ""2.92|3.51|99|0.35"", ""zone3"": ""3.51|6.59|8|0.11"", ""thresold1"": ""0.20|3|0.020"", ""thresold2"": ""3|4|0.020"", ""thresold3"": ""4|7|0.020"", ""thresold4"": ""7|20|0.047"", ""thresold5"": ""20|99|0.047"", ""greenground"": ""0.94"", ""greenhigh"": ""1.65"", ""topweight"": ""0.29"", ""pointvolumefactor"": ""0.44"", ""firstandlastreturnasground"": ""2"", ""firstandlastreturnfactor"": ""0.19"", ""lastreturnfactor"": ""0.45"", ""greendetectsize"": ""4"", ""groundboxsize"": ""1"", ""medianboxsize"": ""17"", ""medianboxsize2"": ""5"", ""greenshades"": ""0.603|1.402|3.924"", ""greenshadeisom"": ""406|408|410"", ""vegesimplify"": ""3.53""}",False,1.7583875718515316,1.0980078230779686,0.1121842564937194,54.89599245161844,1.04788342391498,0.6905697319634693,0.0011337868480725624,False
26,0.7228408970938829,0.47958816499144513,-0.06820738099771874,"{""zone1"": ""0.63|3.18|99|1"", ""zone2"": ""3.18|3.83|99|0.32"", ""zone3"": ""3.83|7.01|8|0.11"", ""thresold1"": ""0.20|3|0.021"", ""thresold2"": ""3|4|0.021"", ""thresold3"": ""4|7|0.021"", ""thresold4"": ""7|20|0.048"", ""thresold5"": ""20|99|0.048"", ""greenground"": ""0.95"", ""greenhigh"": ""1.62"", ""topweight"": ""0.30"", ""pointvolumefactor"": ""0.45"", ""firstandlastreturnasground"": ""2"", ""firstandlastreturnfactor"": ""0.15"", ""lastreturnfactor"": ""0.46"", ""greendetectsize"": ""2"", ""groundboxsize"": ""1"", ""medianboxsize"": ""17"", ""medianboxsize2"": ""5"", ""greenshades"": ""0.452|1.279|3.759"", ""greenshadeisom"": ""406|408|410"", ""vegesimplify"": ""3.49""}",False,1.5836344904150386,1.1049537414909727,0.17888408479840703,55.04705876615818,1.067639029011662,0.6908419431016734,0.010430672696899318,False
27,0.6828518189559475,0.4266662873246623,-0.08482882598557595,"{""zone1"": ""0.65|2.92|99|1"", ""zone2"": ""2.92|3.48|99|0.37"", ""zone3"": ""3.48|7.45|8|0.01"", ""thresold1"": ""0.20|3|0.040"", ""thresold2"": ""3|4|0.040"", ""thresold3"": ""4|7|0.040"", ""thresold4"": ""7|20|0.033"", ""thresold5"": ""20|99|0.033"", ""greenground"": ""0.89"", ""greenhigh"": ""1.74"", ""topweight"": ""0.29"", ""pointvolumefactor"": ""0.45"", ""firstandlastreturnasground"": ""2"", ""firstandlastreturnfactor"": ""0.22"", ""lastreturnfactor"": ""0.44"", ""greendetectsize"": ""4"", ""groundboxsize"": ""1"", ""medianboxsize"": ""17"", ""medianboxsize2"": ""5"", ""greenshades"": ""0.638|1.669|3.980"", ""greenshadeisom"": ""406|408|410"", ""vegesimplify"": ""3.50""}",False,1.9389607387429113,1.102643885025575,0.1121842564937194,51.94212860815963,1.0831838271221728,0.6902833387748751,0.0011337868480725624,False
28,0.709279734859615,0.3898804347618387,-0.057426804611934036,"{""zone1"": ""0.61|2.95|99|1"", ""zone2"": ""2.95|3.86|99|0.54"", ""zone3"": ""3.86|6.93|8|0.10"", ""thresold1"": ""0.20|3|0.020"", ""thresold2"": ""3|4|0.020"", ""thresold3"": ""4|7|0.020"", ""thresold4"": ""7|20|0.046"", ""thresold5"": ""20|99|0.046"", ""greenground"": ""0.75"", ""greenhigh"": ""1.58"", ""topweight"": ""0.26"", ""pointvolumefactor"": ""0.35"", ""firstandlastreturnasground"": ""2"", ""firstandlastreturnfactor"": ""0.12"", ""lastreturnfactor"": ""0.38"", ""greendetectsize"": ""2"", ""groundboxsize"": ""1"", ""medianboxsize"": ""19"", ""medianboxsize2"": ""5"", ""greenshades"": ""0.415|1.019|2.060"", ""greenshadeisom"": ""406|408|410"", ""vegesimplify"": ""3.61""}",False,1.7355160952560287,1.0905264092895963,0.17888408479840703,53.41110607801685,1.0140263432515628,0.6894258601229333,0.010430672696899318,False
29,0.7427616707700236,0.5148385401904366,-0.09641661419345955,"{""zone1"": ""0.69|3.24|99|1"", ""zone2"": ""3.24|3.80|99|0.36"", ""zone3"": ""3.80|7.04|8|0.26"", ""thresold1"": ""0.20|3|0.049"", ""thresold2"": ""3|4|0.049"", ""thresold3"": ""4|7|0.049"", ""thresold4"": ""7|20|0.088"", ""thresold5"": ""20|99|0.088"", ""greenground"": ""1.02"", ""greenhigh"": ""2.09"", ""topweight"": ""0.20"", ""pointvolumefactor"": ""0.30"", ""firstandlastreturnasground"": ""2"", ""firstandlastreturnfactor"": ""0.20"", ""lastreturnfactor"": ""0.53"", ""greendetectsize"": ""2"", ""groundboxsize"": ""1"", ""medianboxsize"": ""15"", ""medianboxsize2"": ""3"", ""greenshades"": ""0.584|1.132|2.110"", ""greenshadeisom"": ""406|408|410"", ""vegesimplify"": ""3.28""}",False,1.1862554848112812,1.0940914804864659,0.17888408479840703,45.291750169287475,0.9094318283377557,0.6890986686756632,0.010430672696899318,False
30,0.7411811737939088,0.526014140112671,-0.3824803290000072,"{""zone1"": ""0.71|2.31|99|1"", ""zone2"": ""2.31|3.00|99|0.36"", ""zone3"": ""3.00|6.31|8|0.25"", ""thresold1"": ""0.20|3|0.021"", ""thresold2"": ""3|4|0.021"", ""thresold3"": ""4|7|0.021"", ""thresold4"": ""7|20|0.157"", ""thresold5"": ""20|99|0.157"", ""greenground"": ""0.86"", ""greenhigh"": ""2.63"", ""topweight"": ""0.31"", ""pointvolumefactor"": ""0.30"", ""firstandlastreturnasground"": ""2"", ""firstandlastreturnfactor"": ""0.07"", ""lastreturnfactor"": ""0.51"", ""greendetectsize"": ""4"", ""groundboxsize"": ""1"", ""medianboxsize"": ""15"", ""medianboxsize2"": ""3"", ""greenshades"": ""0.454|0.836|1.796"", ""greenshadeisom"": ""406|408|410"", ""vegesimplify"": ""3.30""}",False,0.8289602341626313,1.0877614098526058,0.1121842564937194,33.949172303598125,0.6835892590112853,0.6881393745764505,0.0011337868480725624,False
31,0.7406824408352136,0.5171340689084084,-0.16221026569122807,"{""zone1"": ""0.57|3.56|99|1"", ""zone2"": ""3.56|4.00|99|0.09"", ""zone3"": ""4.00|6.93|8|0.07"", ""thresold1"": ""0.20|3|0.056"", ""thresold2"": ""3|4|0.056"", ""thresold3"": ""4|7|0.056"", ""thresold4"": ""7|20|0.094"", ""thresold5"": ""20|99|0.094"", ""greenground"": ""1.04"", ""greenhigh"": ""2.06"", ""topweight"": ""0.40"", ""pointvolumefactor"": ""0.42"", ""firstandlastreturnasground"": ""2"", ""firstandlastreturnfactor"": ""0.30"", ""lastreturnfactor"": ""0.55"", ""greendetectsize"": ""2"", ""groundboxsize"": ""1"", ""medianboxsize"": ""15"", ""medianboxsize2"": ""5"", ""greenshades"": ""0.608|1.110|3.052"", ""greenshadeisom"": ""406|408|410"", ""vegesimplify"": ""3.71""}",False,1.0714406281628468,1.0914258427173584,0.17888408479840703,45.442816483827215,0.8507176688781956,0.6885943345733713,0.010430672696899318,False
32,0.5346408235694247,0.07234157314852745,-2.275385892734874,"{""zone1"": ""0.69|3.35|99|1"", ""zone2"": ""3.35|3.85|99|0.20"", ""zone3"": ""3.85|7.50|8|0.44"", ""thresold1"": ""0.20|3|0.063"", ""thresold2"": ""3|4|0.063"", ""thresold3"": ""4|7|0.063"", ""thresold4"": ""7|20|0.392"", ""thresold5"": ""20|99|0.392"", ""greenground"": ""1.09"", ""greenhigh"": ""2.14"", ""topweight"": ""0.46"", ""pointvolumefactor"": ""0.37"", ""firstandlastreturnasground"": ""1"", ""firstandlastreturnfactor"": ""0.21"", ""lastreturnfactor"": ""0.66"", ""greendetectsize"": ""2"", ""groundboxsize"": ""1"", ""medianboxsize"": ""19"", ""medianboxsize2"": ""3"", ""greenshades"": ""0.724|1.041|4.497"", ""greenshadeisom"": ""406|408|410"", ""vegesimplify"": ""3.33""}",False,0.0806729244867584,1.0946581407278242,0.17888408479840703,5.71812322348421,0.11452158846705807,0.6884775445995005,0.010430672696899318,False
33,0.7295040268419838,0.457400097915117,-0.06636031625449415,"{""zone1"": ""0.56|3.27|99|1"", ""zone2"": ""3.27|4.21|99|0.50"", ""zone3"": ""4.21|6.95|8|0.29"", ""thresold1"": ""0.20|3|0.040"", ""thresold2"": ""3|4|0.040"", ""thresold3"": ""4|7|0.040"", ""thresold4"": ""7|20|0.037"", ""thresold5"": ""20|99|0.037"", ""greenground"": ""0.94"", ""greenhigh"": ""2.44"", ""topweight"": ""0.20"", ""pointvolumefactor"": ""0.47"", ""firstandlastreturnasground"": ""1"", ""firstandlastreturnfactor"": ""0.09"", ""lastreturnfactor"": ""0.35"", ""greendetectsize"": ""2"", ""groundboxsize"": ""1"", ""medianboxsize"": ""17"", ""medianboxsize2"": ""7"", ""greenshades"": ""0.961|1.760|5.692"", ""greenshadeisom"": ""406|408|410"", ""vegesimplify"": ""0.55""}",False,1.50895484271643,1.1330700123225963,0.17888408479840703,55.064295626912774,1.0514077639681947,0.6875578483041441,0.010430672696899318,False
34,0.6813878645093269,0.3173496019807068,-0.11375915600570996,"{""zone1"": ""0.57|3.63|99|1"", ""zone2"": ""3.63|4.56|99|0.48"", ""zone3"": ""4.56|7.27|8|0.27"", ""thresold1"": ""0.20|3|0.039"", ""thresold2"": ""3|4|0.039"", ""thresold3"": ""4|7|0.039"", ""thresold4"": ""7|20|0.021"", ""thresold5"": ""20|99|0.021"", ""greenground"": ""1.17"", ""greenhigh"": ""2.47"", ""topweight"": ""0.20"", ""pointvolumefactor"": ""0.50"", ""firstandlastreturnasground"": ""1"", ""firstandlastreturnfactor"": ""0.09"", ""lastreturnfactor"": ""0.33"", ""greendetectsize"": ""2"", ""groundboxsize"": ""1"", ""medianboxsize"": ""15"", ""medianboxsize2"": ""7"", ""greenshades"": ""0.578|1.108|5.090"", ""greenshadeisom"": ""406|408|410"", ""vegesimplify"": ""1.01""}",False,1.8991539563263868,1.1398722264880898,0.17888408479840703,60.40308955982483,1.1233065050597295,0.6874204213947991,0.010430672696899318,False
35,0.7529605041710173,0.5321286726151403,-0.19654410163443933,"{""zone1"": ""0.69|2.88|99|1"", ""zone2"": ""2.88|3.73|99|0.51"", ""zone3"": ""3.73|6.87|8|0.30"", ""thresold1"": ""0.20|3|0.038"", ""thresold2"": ""3|4|0.038"", ""thresold3"": ""4|7|0.038"", ""thresold4"": ""7|20|0.054"", ""thresold5"": ""20|99|0.054"", ""greenground"": ""0.81"", ""greenhigh"": ""2.94"", ""topweight"": ""0.26"", ""pointvolumefactor"": ""0.47"", ""firstandlastreturnasground"": ""1"", ""firstandlastreturnfactor"": ""0.07"", ""lastreturnfactor"": ""0.37"", ""greendetectsize"": ""2"", ""groundboxsize"": ""1"", ""medianboxsize"": ""19"", ""medianboxsize2"": ""7"", ""greenshades"": ""0.998|1.864|5.685"", ""greenshadeisom"": ""406|408|410"", ""vegesimplify"": ""0.64""}",False,1.1577102288012955,1.1165427160011596,0.17888408479840703,43.533741100304745,0.8222681955995501,0.684769721468617,0.010430672696899318,False
36,0.6529679905612428,0.3318201296901472,-0.11097693038819319,"{""zone1"": ""0.84|2.91|99|1"", ""zone2"": ""2.91|3.80|99|0.53"", ""zone3"": ""3.80|7.12|8|0.31"", ""thresold1"": ""0.20|3|0.026"", ""thresold2"": ""3|4|0.026"", ""thresold3"": ""4|7|0.026"", ""thresold4"": ""7|20|0.054"", ""thresold5"": ""20|99|0.054"", ""greenground"": ""0.81"", ""greenhigh"": ""2.93"", ""topweight"": ""0.25"", ""pointvolumefactor"": ""0.46"", ""firstandlastreturnasground"": ""1"", ""firstandlastreturnfactor"": ""0.07"", ""lastreturnfactor"": ""0.36"", ""greendetectsize"": ""4"", ""groundboxsize"": ""1"", ""medianboxsize"": ""19"", ""medianboxsize2"": ""9"", ""greenshades"": ""0.376|1.275|1.510"", ""greenshadeisom"": ""406|408|410"", ""vegesimplify"": ""0.57""}",False,2.176355572382954,1.0945112651771403,0.1121842564937194,58.846081699396244,1.1201870193552026,0.6943158768417463,0.0011337868480725624,False
37,0.7147779060434107,0.3497107448018364,-0.05848283482913628,"{""zone1"": ""0.71|2.83|99|1"", ""zone2"": ""2.83|3.87|99|0.43"", ""zone3"": ""3.87|7.55|8|0.30"", ""thresold1"": ""0.20|3|0.040"", ""thresold2"": ""3|4|0.040"", ""thresold3"": ""4|7|0.040"", ""thresold4"": ""7|20|0.033"", ""thresold5"": ""20|99|0.033"", ""greenground"": ""0.74"", ""greenhigh"": ""2.97"", ""topweight"": ""0.20"", ""pointvolumefactor"": ""0.30"", ""firstandlastreturnasground"": ""1"", ""firstandlastreturnfactor"": ""0.26"", ""lastreturnfactor"": ""0.27"", ""greendetectsize"": ""2"", ""groundboxsize"": ""3"", ""medianboxsize"": ""21"", ""medianboxsize2"": ""7"", ""greenshades"": ""0.733|1.485|2.102"", ""greenshadeisom"": ""406|408|410"", ""vegesimplify"": ""1.46""}",False,1.7160891987404367,1.1202848410223918,0.17888408479840703,50.634439205589594,1.0103256132595997,0.6859302450913368,0.010430672696899318,False
38,0.7544638412615813,0.5599225282040249,-0.1849542798118935,"{""zone1"": ""0.80|3.01|99|1"", ""zone2"": ""3.01|3.79|99|0.60"", ""zone3"": ""3.79|6.43|8|0.39"", ""thresold1"": ""0.20|3|0.030"", ""thresold2"": ""3|4|0.030"", ""thresold3"": ""4|7|0.030"", ""thresold4"": ""7|20|0.087"", ""thresold5"": ""20|99|0.087"", ""greenground"": ""0.91"", ""greenhigh"": ""2.88"", ""topweight"": ""0.26"", ""pointvolumefactor"": ""0.37"", ""firstandlastreturnasground"": ""1"", ""firstandlastreturnfactor"": ""0.07"", ""lastreturnfactor"": ""0.21"", ""greendetectsize"": ""2"", ""groundboxsize"": ""1"", ""medianboxsize"": ""19"", ""medianboxsize2"": ""7"", ""greenshades"": ""0.689|1.733|2.828"", ""greenshadeisom"": ""406|408|410"", ""vegesimplify"": ""1.83""}",False,1.2088961881729723,1.1077760852144325,0.17888408479840703,44.389810401481164,0.8320752418054213,0.6842228687084476,0.010430672696899318,True
39,0.6619153290509353,0.4653548668372562,-0.1107730584459804,"{""zone1"": ""1.11|3.01|99|1"", ""zone2"": ""3.01|3.69|99|0.86"", ""zone3"": ""3.69|6.58|8|0.42"", ""thresold1"": ""0.20|3|0.029"", ""thresold2"": ""3|4|0.029"", ""thresold3"": ""4|7|0.029"", ""thresold4"": ""7|20|0.090"", ""thresold5"": ""20|99|0.090"", ""greenground"": ""1.11"", ""greenhigh"": ""1.50"", ""topweight"": ""0.35"", ""pointvolumefactor"": ""0.27"", ""firstandlastreturnasground"": ""2"", ""firstandlastreturnfactor"": ""0.18"", ""lastreturnfactor"": ""0.19"", ""greendetectsize"": ""4"", ""groundboxsize"": ""1"", ""medianboxsize"": ""13"", ""medianboxsize2"": ""3"", ""greenshades"": ""0.247|1.326|2.456"", ""greenshadeisom"": ""406|408|410"", ""vegesimplify"": ""1.87""}",False,2.0901412527410037,1.1103925354457542,0.1121842564937194,59.555663169170295,1.1195981449920638,0.6893479113723174,0.0011337868480725624,False
41,0.7137972904174279,0.4066879092362006,-0.13199337077950982,"{""zone1"": ""0.78|2.59|99|1"", ""zone2"": ""2.59|3.01|99|0.43"", ""zone3"": ""3.01|5.59|8|0.38"", ""thresold1"": ""0.20|3|0.048"", ""thresold2"": ""3|4|0.048"", ""thresold3"": ""4|7|0.048"", ""thresold4"": ""7|20|0.029"", ""thresold5"": ""20|99|0.029"", ""greenground"": ""1.01"", ""greenhigh"": ""3.59"", ""topweight"": ""0.36"", ""pointvolumefactor"": ""0.38"", ""firstandlastreturnasground"": ""3"", ""firstandlastreturnfactor"": ""0.40"", ""lastreturnfactor"": ""0.52"", ""greendetectsize"": ""3"", ""groundboxsize"": ""3"", ""medianboxsize"": ""11"", ""medianboxsize2"": ""5"", ""greenshades"": ""0.650|1.321|2.609"", ""greenshadeisom"": ""406|408|410"", ""vegesimplify"": ""2.87""}",False,1.5647819482641945,1.1085231465901229,0.10812020460358056,59.26927011984072,1.1451323400753148,0.6896317626267824,0.00919715205429491,False
42,0.7475403795467642,0.5563864254972657,-0.17397174323951684,"{""zone1"": ""0.59|1.85|99|1"", ""zone2"": ""1.85|2.60|99|0.62"", ""zone3"": ""2.60|5.39|8|0.14"", ""thresold1"": ""0.20|3|0.031"", ""thresold2"": ""3|4|0.031"", ""thresold3"": ""4|7|0.031"", ""thresold4"": ""7|20|0.037"", ""thresold5"": ""20|99|0.037"", ""greenground"": ""0.92"", ""greenhigh"": ""2.45"", ""topweight"": ""0.25"", ""pointvolumefactor"": ""0.41"", ""firstandlastreturnasground"": ""2"", ""firstandlastreturnfactor"": ""0.13"", ""lastreturnfactor"": ""0.42"", ""greendetectsize"": ""2"", ""groundboxsize"": ""1"", ""medianboxsize"": ""17"", ""medianboxsize2"": ""7"", ""greenshades"": ""0.747|1.951|3.704"", ""greenshadeisom"": ""406|408|410"", ""vegesimplify"": ""1.39""}",False,1.0344501291461519,1.1165427160011596,0.17888408479840703,39.83747231120439,0.8405085980189543,0.6846459322816024,0.010430672696899318,True
43,0.7437739193830645,0.5400866362853549,-0.1514995642779831,"{""zone1"": ""0.59|1.84|99|1"", ""zone2"": ""1.84|2.85|99|0.66"", ""zone3"": ""2.85|5.63|8|0.13"", ""thresold1"": ""0.20|3|0.064"", ""thresold2"": ""3|4|0.064"", ""thresold3"": ""4|7|0.064"", ""thresold4"": ""7|20|0.039"", ""thresold5"": ""20|99|0.039"", ""greenground"": ""0.96"", ""greenhigh"": ""2.53"", ""topweight"": ""0.23"", ""pointvolumefactor"": ""0.41"", ""firstandlastreturnasground"": ""2"", ""firstandlastreturnfactor"": ""0.22"", ""lastreturnfactor"": ""0.40"", ""greendetectsize"": ""2"", ""groundboxsize"": ""1"", ""medianboxsize"": ""17"", ""medianboxsize2"": ""7"", ""greenshades"": ""0.810|2.062|3.790"", ""greenshadeisom"": ""406|408|410"", ""vegesimplify"": ""0.90""}",False,1.0443500989873566,1.1165427160011596,0.17888408479840703,43.8297388471482,0.8594923688768926,0.6846459322816024,0.010430672696899318,True
44,0.6910774598701236,0.38735555738649036,-0.05531149395972664,"{""zone1"": ""0.66|3.03|99|1"", ""zone2"": ""3.03|4.05|99|0.74"", ""zone3"": ""4.05|6.39|8|0.12"", ""thresold1"": ""0.20|3|0.069"", ""thresold2"": ""3|4|0.069"", ""thresold3"": ""4|7|0.069"", ""thresold4"": ""7|20|0.026"", ""thresold5"": ""20|99|0.026"", ""greenground"": ""1.15"", ""greenhigh"": ""1.93"", ""topweight"": ""0.31"", ""pointvolumefactor"": ""0.37"", ""firstandlastreturnasground"": ""2"", ""firstandlastreturnfactor"": ""0.23"", ""lastreturnfactor"": ""0.51"", ""greendetectsize"": ""2"", ""groundboxsize"": ""1"", ""medianboxsize"": ""19"", ""medianboxsize2"": ""9"", ""greenshades"": ""0.526|2.165|3.610"", ""greenshadeisom"": ""406|408|410"", ""vegesimplify"": ""1.02""}",False,1.7687460082191888,1.1257656523585864,0.17888408479840703,53.50007581245327,1.0340785929869032,0.6882547736962638,0.010430672696899318,False
45,0.7291229860879671,0.3596306719247315,-0.3185180294965761,"{""zone1"": ""0.79|2.16|99|1"", ""zone2"": ""2.16|3.46|99|0.82"", ""zone3"": ""3.46|6.44|8|0.23"", ""thresold1"": ""0.20|3|0.093"", ""thresold2"": ""3|4|0.093"", ""thresold3"": ""4|7|0.093"", ""thresold4"": ""7|20|0.091"", ""thresold5"": ""20|99|0.091"", ""greenground"": ""1.06"", ""greenhigh"": ""2.76"", ""topweight"": ""0.24"", ""pointvolumefactor"": ""0.34"", ""firstandlastreturnasground"": ""3"", ""firstandlastreturnfactor"": ""0.29"", ""lastreturnfactor"": ""0.69"", ""greendetectsize"": ""2"", ""groundboxsize"": ""1"", ""medianboxsize"": ""15"", ""medianboxsize2"": ""7"", ""greenshades"": ""0.786|3.219|3.904"", ""greenshadeisom"": ""406|408|410"", ""vegesimplify"": ""1.32""}",False,0.8247729132417693,1.1093405539591243,0.17888408479840703,33.36314957457257,0.7289598747964045,0.6853428489320365,0.010430672696899318,False
46,0.6525488092920614,0.2608071624540113,-0.9795422501004394,"{""zone1"": ""0.82|2.08|99|1"", ""zone2"": ""2.08|2.85|99|0.68"", ""zone3"": ""2.85|6.36|8|0.19"", ""thresold1"": ""0.20|3|0.049"", ""thresold2"": ""3|4|0.049"", ""thresold3"": ""4|7|0.049"", ""thresold4"": ""7|20|0.124"", ""thresold5"": ""20|99|0.124"", ""greenground"": ""0.97"", ""greenhigh"": ""2.27"", ""topweight"": ""0.38"", ""pointvolumefactor"": ""0.43"", ""firstandlastreturnasground"": ""2"", ""firstandlastreturnfactor"": ""0.18"", ""lastreturnfactor"": ""0.56"", ""greendetectsize"": ""2"", ""groundboxsize"": ""1"", ""medianboxsize"": ""21"", ""medianboxsize2"": ""3"", ""greenshades"": ""0.852|2.130|4.337"", ""greenshadeisom"": ""406|408|410"", ""vegesimplify"": ""3.32""}",False,0.3903690298371048,1.0951461222203915,0.17888408479840703,14.881962667743037,0.3870043129775462,0.6870458992239437,0.010430672696899318,False
47,0.729905225717518,0.47942687896704794,-0.07609714257662141,"{""zone1"": ""0.74|3.40|99|1"", ""zone2"": ""3.40|4.00|99|0.21"", ""zone3"": ""4.00|6.53|8|0.48"", ""thresold1"": ""0.20|3|0.063"", ""thresold2"": ""3|4|0.063"", ""thresold3"": ""4|7|0.063"", ""thresold4"": ""7|20|0.059"", ""thresold5"": ""20|99|0.059"", ""greenground"": ""0.65"", ""greenhigh"": ""3.27"", ""topweight"": ""0.28"", ""pointvolumefactor"": ""0.33"", ""firstandlastreturnasground"": ""2"", ""firstandlastreturnfactor"": ""0.04"", ""lastreturnfactor"": ""0.28"", ""greendetectsize"": ""2"", ""groundboxsize"": ""1"", ""medianboxsize"": ""13"", ""medianboxsize2"": ""9"", ""greenshades"": ""0.661|1.367|3.000"", ""greenshadeisom"": ""406|408|410"", ""vegesimplify"": ""1.23""}",False,1.3024405359951035,1.1302203265795496,0.17888408479840703,52.90491348137751,1.0822469918228694,0.6867684281212872,0.010430672696899318,False
48,0.6991711815205246,0.48645374244194944,-0.08157226994394338,"{""zone1"": ""0.66|3.19|99|1"", ""zone2"": ""3.19|3.71|99|0.65"", ""zone3"": ""3.71|5.89|8|0.04"", ""thresold1"": ""0.20|3|0.091"", ""thresold2"": ""3|4|0.091"", ""thresold3"": ""4|7|0.091"", ""thresold4"": ""7|20|0.080"", ""thresold5"": ""20|99|0.080"", ""greenground"": ""0.80"", ""greenhigh"": ""2.20"", ""topweight"": ""0.43"", ""pointvolumefactor"": ""0.27"", ""firstandlastreturnasground"": ""2"", ""firstandlastreturnfactor"": ""0.36"", ""lastreturnfactor"": ""0.40"", ""greendetectsize"": ""3"", ""groundboxsize"": ""1"", ""medianboxsize"": ""17"", ""medianboxsize2"": ""7"", ""greenshades"": ""0.388|1.383|2.563"", ""greenshadeisom"": ""406|408|410"", ""vegesimplify"": ""1.73""}",False,1.7971391352450248,1.1287465516981794,0.10812020460358056,54.4573968978603,1.0863035900177047,0.6854059371680278,0.00919715205429491,False
49,0.7217227877640043,0.42804916231931217,-0.1280325338694199,"{""zone1"": ""0.74|2.75|99|1"", ""zone2"": ""2.75|3.86|99|0.07"", ""zone3"": ""3.86|7.13|8|0.15"", ""thresold1"": ""0.20|3|0.025"", ""thresold2"": ""3|4|0.025"", ""thresold3"": ""4|7|0.025"", ""thresold4"": ""7|20|0.030"", ""thresold5"": ""20|99|0.030"", ""greenground"": ""1.10"", ""greenhigh"": ""2.54"", ""topweight"": ""0.50"", ""pointvolumefactor"": ""0.40"", ""firstandlastreturnasground"": ""3"", ""firstandlastreturnfactor"": ""0.14"", ""lastreturnfactor"": ""0.21"", ""greendetectsize"": ""4"", ""groundboxsize"": ""1"", ""medianboxsize"": ""11"", ""medianboxsize2"": ""5"", ""greenshades"": ""0.833|1.396|2.894"", ""greenshadeisom"": ""406|408|410"", ""vegesimplify"": ""2.44""}",False,1.368962496432048,1.1024509932402788,0.1121842564937194,60.26393912506106,1.1399688975147722,0.6887237499502058,0.0011337868480725624,False
50,0.5465546519584054,0.20291803280531082,-0.17912986056559857,"{""zone1"": ""0.88|2.51|99|1"", ""zone2"": ""2.51|4.53|99|0.87"", ""zone3"": ""4.53|8.00|8|0.21"", ""thresold1"": ""0.20|3|0.081"", ""thresold2"": ""3|4|0.081"", ""thresold3"": ""4|7|0.081"", ""thresold4"": ""7|20|0.041"", ""thresold5"": ""20|99|0.041"", ""greenground"": ""1.20"", ""greenhigh"": ""2.80"", ""topweight"": ""0.33"", ""pointvolumefactor"": ""0.21"", ""firstandlastreturnasground"": ""2"", ""firstandlastreturnfactor"": ""0.24"", ""lastreturnfactor"": ""0.49"", ""greendetectsize"": ""5"", ""groundboxsize"": ""3"", ""medianboxsize"": ""19"", ""medianboxsize2"": ""3"", ""greenshades"": ""0.198|1.303|1.881"", ""greenshadeisom"": ""406|408|410"", ""vegesimplify"": ""3.75""}",False,2.6697338185861152,0.9960708889636741,0.04895093717024663,48.45154758913389,0.9529768604515955,0.6874359658262202,0.0023432923257176333,False
51,0.734865354338431,0.37749235501048645,-0.038834076174988144,"{""zone1"": ""1.33|3.79|99|1"", ""zone2"": ""3.79|4.52|99|0.58"", ""zone3"": ""4.52|7.36|8|0.12"", ""thresold1"": ""0.20|3|0.034"", ""thresold2"": ""3|4|0.034"", ""thresold3"": ""4|7|0.034"", ""thresold4"": ""7|20|0.171"", ""thresold5"": ""20|99|0.171"", ""greenground"": ""0.69"", ""greenhigh"": ""3.14"", ""topweight"": ""0.27"", ""pointvolumefactor"": ""0.36"", ""firstandlastreturnasground"": ""3"", ""firstandlastreturnfactor"": ""0.42"", ""lastreturnfactor"": ""0.74"", ""greendetectsize"": ""2"", ""groundboxsize"": ""1"", ""medianboxsize"": ""13"", ""medianboxsize2"": ""5"", ""greenshades"": ""0.574|2.390|5.013"", ""greenshadeisom"": ""406|408|410"", ""vegesimplify"": ""2.06""}",False,0.9622574414471409,1.1011165887041383,0.17888408479840703,53.45905207840065,0.9621224258214794,0.6854459650622015,0.010430672696899318,False
52,0.6328944066183168,0.23176448103465272,-0.7217895875666299,"{""zone1"": ""1.17|1.81|99|1"", ""zone2"": ""1.81|2.53|99|0.71"", ""zone3"": ""2.53|5.42|8|0.14"", ""thresold1"": ""0.20|3|0.036"", ""thresold2"": ""3|4|0.036"", ""thresold3"": ""4|7|0.036"", ""thresold4"": ""7|20|0.191"", ""thresold5"": ""20|99|0.191"", ""greenground"": ""0.69"", ""greenhigh"": ""2.32"", ""topweight"": ""0.24"", ""pointvolumefactor"": ""0.41"", ""firstandlastreturnasground"": ""3"", ""firstandlastreturnfactor"": ""0.54"", ""lastreturnfactor"": ""0.91"", ""greendetectsize"": ""2"", ""groundboxsize"": ""1"", ""medianboxsize"": ""13"", ""medianboxsize2"": ""5"", ""greenshades"": ""0.556|2.421|4.211"", ""greenshadeisom"": ""406|408|410"", ""vegesimplify"": ""0.87""}",False,0.351179614068047,1.1137028606617811,0.17888408479840703,22.35226500238087,0.5042817229607911,0.6846750016215969,0.010430672696899318,False
53,0.7427144325748384,0.5260981216341797,-0.16527634616653306,"{""zone1"": ""1.32|1.85|99|1"", ""zone2"": ""1.85|2.30|99|0.61"", ""zone3"": ""2.30|5.05|8|0.12"", ""thresold1"": ""0.20|3|0.046"", ""thresold2"": ""3|4|0.046"", ""thresold3"": ""4|7|0.046"", ""thresold4"": ""7|20|0.037"", ""thresold5"": ""20|99|0.037"", ""greenground"": ""0.58"", ""greenhigh"": ""1.22"", ""topweight"": ""0.28"", ""pointvolumefactor"": ""0.35"", ""firstandlastreturnasground"": ""2"", ""firstandlastreturnfactor"": ""0.63"", ""lastreturnfactor"": ""0.78"", ""greendetectsize"": ""2"", ""groundboxsize"": ""1"", ""medianboxsize"": ""17"", ""medianboxsize2"": ""5"", ""greenshades"": ""0.479|1.695|4.312"", ""greenshadeisom"": ""406|408|410"", ""vegesimplify"": ""2.09""}",False,0.9762640424922225,1.100247157543259,0.17888408479840703,41.98037745805086,0.8482483799758866,0.6850619879925839,0.010430672696899318,False
54,0.7408476568269974,0.5422486240334973,-0.12026938284466293,"{""zone1"": ""1.29|1.98|99|1"", ""zone2"": ""1.98|2.79|99|0.31"", ""zone3"": ""2.79|5.61|8|0.17"", ""thresold1"": ""0.20|3|0.032"", ""thresold2"": ""3|4|0.032"", ""thresold3"": ""4|7|0.032"", ""thresold4"": ""7|20|0.025"", ""thresold5"": ""20|99|0.025"", ""greenground"": ""0.44"", ""greenhigh"": ""1.94"", ""topweight"": ""0.23"", ""pointvolumefactor"": ""0.44"", ""firstandlastreturnasground"": ""3"", ""firstandlastreturnfactor"": ""0.43"", ""lastreturnfactor"": ""0.42"", ""greendetectsize"": ""2"", ""groundboxsize"": ""1"", ""medianboxsize"": ""17"", ""medianboxsize2"": ""5"", ""greenshades"": ""0.754|2.170|4.375"", ""greenshadeisom"": ""406|408|410"", ""vegesimplify"": ""1.18""}",False,0.997386718477677,1.115096283139376,0.17888408479840703,46.16699626455994,0.8867463632971756,0.6849587622058907,0.010430672696899318,True
55,0.6660265936931729,0.34696875972805635,-0.17171019823672953,"{""zone1"": ""1.33|3.89|99|1"", ""zone2"": ""3.89|4.71|99|0.31"", ""zone3"": ""4.71|7.04|8|0.17"", ""thresold1"": ""0.20|3|0.032"", ""thresold2"": ""3|4|0.032"", ""thresold3"": ""4|7|0.032"", ""thresold4"": ""7|20|0.023"", ""thresold5"": ""20|99|0.023"", ""greenground"": ""0.42"", ""greenhigh"": ""3.48"", ""topweight"": ""0.37"", ""pointvolumefactor"": ""0.38"", ""firstandlastreturnasground"": ""3"", ""firstandlastreturnfactor"": ""0.46"", ""lastreturnfactor"": ""0.71"", ""greendetectsize"": ""2"", ""groundboxsize"": ""1"", ""medianboxsize"": ""15"", ""medianboxsize2"": ""5"", ""greenshades"": ""0.335|1.830|4.804"", ""greenshadeisom"": ""406|408|410"", ""vegesimplify"": ""1.72""}",False,1.9345800291462083,1.1459760557598013,0.17888408479840703,62.69191952203164,1.1907808386278724,0.6868574003398731,0.010430672696899318,False
56,0.6217985665915793,0.2129648565397665,-0.6745135816861829,"{""zone1"": ""1.26|3.99|99|1"", ""zone2"": ""3.99|4.61|99|0.26"", ""zone3"": ""4.61|6.37|8|0.07"", ""thresold1"": ""0.20|3|0.023"", ""thresold2"": ""3|4|0.023"", ""thresold3"": ""4|7|0.023"", ""thresold4"": ""7|20|0.277"", ""thresold5"": ""20|99|0.277"", ""greenground"": ""0.49"", ""greenhigh"": ""3.17"", ""topweight"": ""0.64"", ""pointvolumefactor"": ""0.48"", ""firstandlastreturnasground"": ""4"", ""firstandlastreturnfactor"": ""0.43"", ""lastreturnfactor"": ""0.83"", ""greendetectsize"": ""2"", ""groundboxsize"": ""1"", ""medianboxsize"": ""9"", ""medianboxsize2"": ""3"", ""greenshades"": ""0.670|2.398|4.454"", ""greenshadeisom"": ""406|408|410"", ""vegesimplify"": ""2.30""}",False,0.3171322149261719,1.0930188160807444,0.17888408479840703,26.1594392335149,0.5349596873030492,0.6856861372769129,0.010430672696899318,False
57,0.7280632377454688,0.35079025419662124,-0.404525350615289,"{""zone1"": ""1.38|3.70|99|1"", ""zone2"": ""3.70|4.09|99|0.58"", ""zone3"": ""4.09|6.63|8|0.59"", ""thresold1"": ""0.20|3|0.027"", ""thresold2"": ""3|4|0.027"", ""thresold3"": ""4|7|0.027"", ""thresold4"": ""7|20|0.175"", ""thresold5"": ""20|99|0.175"", ""greenground"": ""0.60"", ""greenhigh"": ""1.36"", ""topweight"": ""0.31"", ""pointvolumefactor"": ""0.45"", ""firstandlastreturnasground"": ""3"", ""firstandlastreturnfactor"": ""0.33"", ""lastreturnfactor"": ""0.65"", ""greendetectsize"": ""4"", ""groundboxsize"": ""1"", ""medianboxsize"": ""15"", ""medianboxsize2"": ""5"", ""greenshades"": ""0.607|2.991|5.385"", ""greenshadeisom"": ""406|408|410"", ""vegesimplify"": ""2.66""}",False,0.7732945718767376,1.087600193989177,0.1121842564937194,36.27377642229503,0.6702201769815836,0.6864651802686362,0.0011337868480725624,False
58,0.7442006616520583,0.488785807437075,-0.1786759350218782,"{""zone1"": ""1.50|3.34|99|1"", ""zone2"": ""3.34|4.13|99|0.40"", ""zone3"": ""4.13|7.12|8|0.34"", ""thresold1"": ""0.20|3|0.034"", ""thresold2"": ""3|4|0.034"", ""thresold3"": ""4|7|0.034"", ""thresold4"": ""7|20|0.142"", ""thresold5"": ""20|99|0.142"", ""greenground"": ""0.52"", ""greenhigh"": ""1.97"", ""topweight"": ""0.33"", ""pointvolumefactor"": ""0.36"", ""firstandlastreturnasground"": ""3"", ""firstandlastreturnfactor"": ""0.49"", ""lastreturnfactor"": ""0.56"", ""greendetectsize"": ""3"", ""groundboxsize"": ""1"", ""medianboxsize"": ""19"", ""medianboxsize2"": ""5"", ""greenshades"": ""0.429|1.388|4.202"", ""greenshadeisom"": ""406|408|410"", ""vegesimplify"": ""2.95""}",False,1.1525369595300479,1.0901636338363099,0.10812020460358056,40.13697146939031,0.8368419784900821,0.6910837136282163,0.00919715205429491,False
59,0.7407889576663208,0.5149579667651104,-0.11317159731709452,"{""zone1"": ""1.00|3.10|99|1"", ""zone2"": ""3.10|3.64|99|0.47"", ""zone3"": ""3.64|6.89|8|0.03"", ""thresold1"": ""0.20|3|0.028"", ""thresold2"": ""3|4|0.028"", ""thresold3"": ""4|7|0.028"", ""thresold4"": ""7|20|0.104"", ""thresold5"": ""20|99|0.104"", ""greenground"": ""0.45"", ""greenhigh"": ""1.81"", ""topweight"": ""0.23"", ""pointvolumefactor"": ""0.44"", ""firstandlastreturnasground"": ""3"", ""firstandlastreturnfactor"": ""0.69"", ""lastreturnfactor"": ""0.62"", ""greendetectsize"": ""2"", ""groundboxsize"": ""3"", ""medianboxsize"": ""13"", ""medianboxsize2"": ""3"", ""greenshades"": ""0.543|1.959|2.818"", ""greenshadeisom"": ""406|408|410"", ""vegesimplify"": ""1.20""}",False,1.1508477460519602,1.1317531194023742,0.17888408479840703,62.032787002024854,1.1213196463742323,0.685343883172075,0.010430672696899318,False
60,0.692283487870534,0.30202483282273723,-0.31568713875632043,"{""zone1"": ""1.39|2.26|99|1"", ""zone2"": ""2.26|3.51|99|0.32"", ""zone3"": ""3.51|4.30|8|0.24"", ""thresold1"": ""0.20|3|0.043"", ""thresold2"": ""3|4|0.043"", ""thresold3"": ""4|7|0.043"", ""thresold4"": ""7|20|0.257"", ""thresold5"": ""20|99|0.257"", ""greenground"": ""0.86"", ""greenhigh"": ""1.64"", ""topweight"": ""0.42"", ""pointvolumefactor"": ""0.27"", ""firstandlastreturnasground"": ""4"", ""firstandlastreturnfactor"": ""0.61"", ""lastreturnfactor"": ""0.74"", ""greendetectsize"": ""5"", ""groundboxsize"": ""1"", ""medianboxsize"": ""1"", ""medianboxsize2"": ""5"", ""greenshades"": ""0.061|0.808|2.953"", ""greenshadeisom"": ""406|408|410"", ""vegesimplify"": ""3.21""}",False,1.8142916900344392,1.0946543178814212,0.04895093717024663,72.14754947891718,1.3762307395175128,0.6926949169234188,0.0023432923257176333,False
61,0.7253235022504585,0.3198019928773079,-0.13744960287403776,"{""zone1"": ""1.24|3.83|99|1"", ""zone2"": ""3.83|4.52|99|0.17"", ""zone3"": ""4.52|7.14|8|0.19"", ""thresold1"": ""0.20|3|0.054"", ""thresold2"": ""3|4|0.054"", ""thresold3"": ""4|7|0.054"", ""thresold4"": ""7|20|0.051"", ""thresold5"": ""20|99|0.051"", ""greenground"": ""0.77"", ""greenhigh"": ""3.05"", ""topweight"": ""0.28"", ""pointvolumefactor"": ""0.31"", ""firstandlastreturnasground"": ""3"", ""firstandlastreturnfactor"": ""1.00"", ""lastreturnfactor"": ""0.13"", ""greendetectsize"": ""2"", ""groundboxsize"": ""1"", ""medianboxsize"": ""13"", ""medianboxsize2"": ""1"", ""greenshades"": ""0.895|0.997|1.280"", ""greenshadeisom"": ""406|408|410"", ""vegesimplify"": ""3.80""}",False,1.3011239236398646,1.106588732235772,0.17888408479840703,85.62672320632015,1.151129309751027,0.6892274137973681,0.010430672696899318,False
62,0.7333564484497922,0.5130343630444282,-0.21056037532078173,"{""zone1"": ""1.59|3.21|99|1"", ""zone2"": ""3.21|3.87|99|0.33"", ""zone3"": ""3.87|7.04|8|0.11"", ""thresold1"": ""0.20|3|0.023"", ""thresold2"": ""3|4|0.023"", ""thresold3"": ""4|7|0.023"", ""thresold4"": ""7|20|0.060"", ""thresold5"": ""20|99|0.060"", ""greenground"": ""0.99"", ""greenhigh"": ""1.58"", ""topweight"": ""0.29"", ""pointvolumefactor"": ""0.45"", ""firstandlastreturnasground"": ""3"", ""firstandlastreturnfactor"": ""0.14"", ""lastreturnfactor"": ""0.48"", ""greendetectsize"": ""2"", ""groundboxsize"": ""1"", ""medianboxsize"": ""17"", ""medianboxsize2"": ""5"", ""greenshades"": ""0.701|1.520|4.179"", ""greenshadeisom"": ""406|408|410"", ""vegesimplify"": ""3.47""}",False,0.9770417822954803,1.0962401210884345,0.17888408479840703,39.631024679063934,0.81031724994001,0.6902227050794837,0.010430672696899318,False
63,0.7362821068564808,0.4662473110023666,-0.05656801130976171,"{""zone1"": ""0.63|3.00|99|1"", ""zone2"": ""3.00|3.60|99|0.23"", ""zone3"": ""3.60|6.64|8|0.09"", ""thresold1"": ""0.20|3|0.021"", ""thresold2"": ""3|4|0.021"", ""thresold3"": ""4|7|0.021"", ""thresold4"": ""7|20|0.051"", ""thresold5"": ""20|99|0.051"", ""greenground"": ""0.91"", ""greenhigh"": ""1.73"", ""topweight"": ""0.27"", ""pointvolumefactor"": ""0.48"", ""firstandlastreturnasground"": ""2"", ""firstandlastreturnfactor"": ""0.53"", ""lastreturnfactor"": ""0.44"", ""greendetectsize"": ""2"", ""groundboxsize"": ""1"", ""medianboxsize"": ""17"", ""medianboxsize2"": ""5"", ""greenshades"": ""0.505|0.938|3.332"", ""greenshadeisom"": ""406|408|410"", ""vegesimplify"": ""3.63""}",False,1.48283760176606,1.0981575348827446,0.17888408479840703,52.2091755393987,1.0206077742900967,0.6896098690456393,0.010430672696899318,False
64,0.7467079640743518,0.4949638876725702,-0.14279523998218674,"{""zone1"": ""1.06|2.00|99|1"", ""zone2"": ""2.00|2.75|99|0.25"", ""zone3"": ""2.75|5.76|8|0.07"", ""thresold1"": ""0.20|3|0.030"", ""thresold2"": ""3|4|0.030"", ""thresold3"": ""4|7|0.030"", ""thresold4"": ""7|20|0.023"", ""thresold5"": ""20|99|0.023"", ""greenground"": ""0.88"", ""greenhigh"": ""2.19"", ""topweight"": ""0.26"", ""pointvolumefactor"": ""0.40"", ""firstandlastreturnasground"": ""2"", ""firstandlastreturnfactor"": ""0.54"", ""lastreturnfactor"": ""0.42"", ""greendetectsize"": ""2"", ""groundboxsize"": ""1"", ""medianboxsize"": ""17"", ""medianboxsize2"": ""7"", ""greenshades"": ""0.782|1.206|3.062"", ""greenshadeisom"": ""406|408|410"", ""vegesimplify"": ""1.58""}",False,1.1432913000735558,1.1133000765311476,0.17888408479840703,42.526234235667964,0.867470628838614,0.6848364230732095,0.010430672696899318,False
65,0.6778154857771538,0.4664190048665544,-0.6982695952974275,"{""zone1"": ""1.18|1.92|99|1"", ""zone2"": ""1.92|2.79|99|0.00"", ""zone3"": ""2.79|5.63|8|0.16"", ""thresold1"": ""0.20|3|0.035"", ""thresold2"": ""3|4|0.035"", ""thresold3"": ""4|7|0.035"", ""thresold4"": ""7|20|0.043"", ""thresold5"": ""20|99|0.043"", ""greenground"": ""0.92"", ""greenhigh"": ""1.86"", ""topweight"": ""0.22"", ""pointvolumefactor"": ""0.33"", ""firstandlastreturnasground"": ""3"", ""firstandlastreturnfactor"": ""0.12"", ""lastreturnfactor"": ""0.32"", ""greendetectsize"": ""2"", ""groundboxsize"": ""1"", ""medianboxsize"": ""15"", ""medianboxsize2"": ""7"", ""greenshades"": ""0.746|1.065|2.408"", ""greenshadeisom"": ""406|408|410"", ""vegesimplify"": ""1.42""}",False,0.4937738431801044,1.1035574827592862,0.17888408479840703,18.902671042440755,0.5057577396373888,0.6857541260692238,0.010430672696899318,False
66,0.7293550987242478,0.4408350334901314,-0.052075400626262376,"{""zone1"": ""0.59|2.11|99|1"", ""zone2"": ""2.11|3.08|99|0.23"", ""zone3"": ""3.08|5.68|8|0.09"", ""thresold1"": ""0.20|3|0.032"", ""thresold2"": ""3|4|0.032"", ""thresold3"": ""4|7|0.032"", ""thresold4"": ""7|20|0.027"", ""thresold5"": ""20|99|0.027"", ""greenground"": ""0.67"", ""greenhigh"": ""2.08"", ""topweight"": ""0.25"", ""pointvolumefactor"": ""0.48"", ""firstandlastreturnasground"": ""2"", ""firstandlastreturnfactor"": ""0.73"", ""lastreturnfactor"": ""0.54"", ""greendetectsize"": ""2"", ""groundboxsize"": ""1"", ""medianboxsize"": ""19"", ""medianboxsize2"": ""7"", ""greenshades"": ""0.487|0.851|3.893"", ""greenshadeisom"": ""406|408|410"", ""vegesimplify"": ""1.11""}",False,1.6016837115577571,1.1166405800208536,0.17888408479840703,52.27164336842265,0.986238570982496,0.6849512410876647,0.010430672696899318,False
67,0.7273869450742093,0.4636902616286665,-0.08793338973720133,"{""zone1"": ""0.54|1.95|99|1"", ""zone2"": ""1.95|2.72|99|0.99"", ""zone3"": ""2.72|5.17|8|0.02"", ""thresold1"": ""0.20|3|0.028"", ""thresold2"": ""3|4|0.028"", ""thresold3"": ""4|7|0.028"", ""thresold4"": ""7|20|0.032"", ""thresold5"": ""20|99|0.032"", ""greenground"": ""0.62"", ""greenhigh"": ""1.75"", ""topweight"": ""0.33"", ""pointvolumefactor"": ""0.39"", ""firstandlastreturnasground"": ""1"", ""firstandlastreturnfactor"": ""0.59"", ""lastreturnfactor"": ""0.58"", ""greendetectsize"": ""2"", ""groundboxsize"": ""1"", ""medianboxsize"": ""17"", ""medianboxsize2"": ""7"", ""greenshades"": ""0.688|2.256|3.261"", ""greenshadeisom"": ""406|408|410"", ""vegesimplify"": ""1.73""}",False,1.5884267600974102,1.1179963190193158,0.17888408479840703,52.97822011838253,1.0837181005639636,0.6850462863858273,0.010430672696899318,False
68,0.737033382250945,0.5087386888977411,-0.41613560509598185,"{""zone1"": ""1.39|3.45|99|1"", ""zone2"": ""3.45|3.92|99|0.17"", ""zone3"": ""3.92|7.31|8|0.21"", ""thresold1"": ""0.20|3|0.042"", ""thresold2"": ""3|4|0.042"", ""thresold3"": ""4|7|0.042"", ""thresold4"": ""7|20|0.082"", ""thresold5"": ""20|99|0.082"", ""greenground"": ""0.90"", ""greenhigh"": ""2.35"", ""topweight"": ""0.22"", ""pointvolumefactor"": ""0.42"", ""firstandlastreturnasground"": ""2"", ""firstandlastreturnfactor"": ""0.41"", ""lastreturnfactor"": ""0.43"", ""greendetectsize"": ""2"", ""groundboxsize"": ""1"", ""medianboxsize"": ""21"", ""medianboxsize2"": ""5"", ""greenshades"": ""0.912|1.183|4.607"", ""greenshadeisom"": ""406|408|410"", ""vegesimplify"": ""2.07""}",False,0.8415940585298127,1.0946368062655025,0.17888408479840703,36.2319877472742,0.6603344429535524,0.6855017097202505,0.010430672696899318,False
69,0.7261305413111113,0.4286047071298728,-0.18175751098000614,"{""zone1"": ""0.68|2.46|99|1"", ""zone2"": ""2.46|3.28|99|0.62"", ""zone3"": ""3.28|5.53|8|0.18"", ""thresold1"": ""0.20|3|0.052"", ""thresold2"": ""3|4|0.052"", ""thresold3"": ""4|7|0.052"", ""thresold4"": ""7|20|0.037"", ""thresold5"": ""20|99|0.037"", ""greenground"": ""0.84"", ""greenhigh"": ""2.01"", ""topweight"": ""0.27"", ""pointvolumefactor"": ""0.46"", ""firstandlastreturnasground"": ""3"", ""firstandlastreturnfactor"": ""0.49"", ""lastreturnfactor"": ""0.64"", ""greendetectsize"": ""2"", ""groundboxsize"": ""1"", ""medianboxsize"": ""11"", ""medianboxsize2"": ""3"", ""greenshades"": ""0.564|0.996|3.023"", ""greenshadeisom"": ""406|408|410"", ""vegesimplify"": ""0.75""}",False,1.4058749903059222,1.140118128657575,0.17888408479840703,62.769625160374794,1.2024688588886747,0.6855986270595236,0.010430672696899318,False
70,0.5883501944436383,0.15605748277534903,-1.369355041074243,"{""zone1"": ""0.96|3.53|99|1"", ""zone2"": ""3.53|3.90|99|0.09"", ""zone3"": ""3.90|6.56|8|0.06"", ""thresold1"": ""0.20|3|0.037"", ""thresold2"": ""3|4|0.037"", ""thresold3"": ""4|7|0.037"", ""thresold4"": ""7|20|0.380"", ""thresold5"": ""20|99|0.380"", ""greenground"": ""0.55"", ""greenhigh"": ""2.84"", ""topweight"": ""0.38"", ""pointvolumefactor"": ""0.40"", ""firstandlastreturnasground"": ""4"", ""firstandlastreturnfactor"": ""0.52"", ""lastreturnfactor"": ""0.24"", ""greendetectsize"": ""2"", ""groundboxsize"": ""1"", ""medianboxsize"": ""15"", ""medianboxsize2"": ""9"", ""greenshades"": ""0.620|2.491|4.714"", ""greenshadeisom"": ""406|408|410"", ""vegesimplify"": ""1.43""}",False,0.21282756122805577,1.102785915618101,0.17888408479840703,11.669704961371801,0.27710968849019896,0.6856128031763259,0.010430672696899318,False
71,0.7321504261202062,0.5116855242257224,-0.060874589484691995,"{""zone1"": ""0.63|2.70|99|1"", ""zone2"": ""2.70|3.28|99|0.28"", ""zone3"": ""3.28|6.11|8|0.28"", ""thresold1"": ""0.20|3|0.025"", ""thresold2"": ""3|4|0.025"", ""thresold3"": ""4|7|0.025"", ""thresold4"": ""7|20|0.031"", ""thresold5"": ""20|99|0.031"", ""greenground"": ""0.71"", ""greenhigh"": ""3.12"", ""topweight"": ""0.31"", ""pointvolumefactor"": ""0.36"", ""firstandlastreturnasground"": ""2"", ""firstandlastreturnfactor"": ""0.04"", ""lastreturnfactor"": ""0.89"", ""greendetectsize"": ""2"", ""groundboxsize"": ""3"", ""medianboxsize"": ""19"", ""medianboxsize2"": ""5"", ""greenshades"": ""0.515|1.876|4.273"", ""greenshadeisom"": ""406|408|410"", ""vegesimplify"": ""3.63""}",False,1.5442275819833011,1.0867324364832824,0.17888408479840703,50.47723800881385,0.9540405499931337,0.6895003191453822,0.010430672696899318,False
72,0.7420247952197562,0.46902838108112493,-0.08919697999053762,"{""zone1"": ""1.05|2.04|99|1"", ""zone2"": ""2.04|2.99|99|0.24"", ""zone3"": ""2.99|6.02|8|0.27"", ""thresold1"": ""0.20|3|0.031"", ""thresold2"": ""3|4|0.031"", ""thresold3"": ""4|7|0.031"", ""thresold4"": ""7|20|0.023"", ""thresold5"": ""20|99|0.023"", ""greenground"": ""0.70"", ""greenhigh"": ""2.16"", ""topweight"": ""0.26"", ""pointvolumefactor"": ""0.48"", ""firstandlastreturnasground"": ""2"", ""firstandlastreturnfactor"": ""0.81"", ""lastreturnfactor"": ""0.93"", ""greendetectsize"": ""2"", ""groundboxsize"": ""3"", ""medianboxsize"": ""19"", ""medianboxsize2"": ""7"", ""greenshades"": ""0.494|0.885|3.791"", ""greenshadeisom"": ""406|408|410"", ""vegesimplify"": ""1.58""}",False,1.4559572405059755,1.10822522062876,0.17888408479840703,45.15747806316559,0.9160509539291685,0.6856468220489113,0.010430672696899318,False
73,0.7354396316219081,0.4378153962002078,-0.06308131457250814,"{""zone1"": ""1.07|2.22|99|1"", ""zone2"": ""2.22|2.93|99|0.29"", ""zone3"": ""2.93|4.92|8|0.09"", ""thresold1"": ""0.20|3|0.025"", ""thresold2"": ""3|4|0.025"", ""thresold3"": ""4|7|0.025"", ""thresold4"": ""7|20|0.025"", ""thresold5"": ""20|99|0.025"", ""greenground"": ""0.71"", ""greenhigh"": ""3.41"", ""topweight"": ""0.20"", ""pointvolumefactor"": ""0.50"", ""firstandlastreturnasground"": ""2"", ""firstandlastreturnfactor"": ""0.66"", ""lastreturnfactor"": ""0.86"", ""greendetectsize"": ""2"", ""groundboxsize"": ""3"", ""medianboxsize"": ""19"", ""medianboxsize2"": ""7"", ""greenshades"": ""0.409|0.780|2.680"", ""greenshadeisom"": ""406|408|410"", ""vegesimplify"": ""1.13""}",False,1.5258905297135303,1.1218809856889511,0.17888408479840703,49.81264170099618,0.94848078429861,0.6843935173547787,0.010430672696899318,False
74,0.7431426868601858,0.46223728559446303,-0.12493996047292882,"{""zone1"": ""1.45|2.07|99|1"", ""zone2"": ""2.07|3.23|99|0.22"", ""zone3"": ""3.23|6.21|8|0.38"", ""thresold1"": ""0.20|3|0.022"", ""thresold2"": ""3|4|0.022"", ""thresold3"": ""4|7|0.022"", ""thresold4"": ""7|20|0.020"", ""thresold5"": ""20|99|0.020"", ""greenground"": ""0.66"", ""greenhigh"": ""3.13"", ""topweight"": ""0.30"", ""pointvolumefactor"": ""0.36"", ""firstandlastreturnasground"": ""2"", ""firstandlastreturnfactor"": ""0.76"", ""lastreturnfactor"": ""0.78"", ""greendetectsize"": ""2"", ""groundboxsize"": ""3"", ""medianboxsize"": ""21"", ""medianboxsize2"": ""7"", ""greenshades"": ""0.464|0.695|3.866"", ""greenshadeisom"": ""406|408|410"", ""vegesimplify"": ""1.09""}",False,1.3637310119623163,1.1236815261994597,0.17888408479840703,49.6154591135136,0.8835726614526233,0.6841614452133338,0.010430672696899318,False
75,0.7153084975808559,0.4175117155029977,-0.06610098551625536,"{""zone1"": ""1.24|2.65|99|1"", ""zone2"": ""2.65|3.64|99|0.26"", ""zone3"": ""3.64|6.30|8|0.09"", ""thresold1"": ""0.20|3|0.026"", ""thresold2"": ""3|4|0.026"", ""thresold3"": ""4|7|0.026"", ""thresold4"": ""7|20|0.027"", ""thresold5"": ""20|99|0.027"", ""greenground"": ""0.78"", ""greenhigh"": ""2.12"", ""topweight"": ""0.25"", ""pointvolumefactor"": ""0.47"", ""firstandlastreturnasground"": ""2"", ""firstandlastreturnfactor"": ""0.57"", ""lastreturnfactor"": ""0.95"", ""greendetectsize"": ""2"", ""groundboxsize"": ""3"", ""medianboxsize"": ""19"", ""medianboxsize2"": ""7"", ""greenshades"": ""0.356|0.786|3.873"", ""greenshadeisom"": ""406|408|410"", ""vegesimplify"": ""1.91""}",False,1.6829539915086904,1.102128561513421,0.17888408479840703,48.91496320659817,0.9819078654888734,0.6867433295969146,0.010430672696899318,False
76,0.7519199945232083,0.4971366277264973,-0.12615294069711122,"{""zone1"": ""1.20|1.98|99|1"", ""zone2"": ""1.98|2.89|99|0.40"", ""zone3"": ""2.89|6.11|8|0.33"", ""thresold1"": ""0.20|3|0.033"", ""thresold2"": ""3|4|0.033"", ""thresold3"": ""4|7|0.033"", ""thresold4"": ""7|20|0.031"", ""thresold5"": ""20|99|0.031"", ""greenground"": ""0.55"", ""greenhigh"": ""3.84"", ""topweight"": ""0.22"", ""pointvolumefactor"": ""0.39"", ""firstandlastreturnasground"": ""1"", ""firstandlastreturnfactor"": ""0.05"", ""lastreturnfactor"": ""0.53"", ""greendetectsize"": ""2"", ""groundboxsize"": ""3"", ""medianboxsize"": ""19"", ""medianboxsize2"": ""5"", ""greenshades"": ""0.502|0.847|3.342"", ""greenshadeisom"": ""406|408|410"", ""vegesimplify"": ""1.29""}",False,1.2839145066947353,1.113492968316444,0.17888408479840703,46.257342916295755,0.8827784239781269,0.6851191820264586,0.010430672696899318,True
77,0.7329060061276476,0.4239466968505294,-0.07274915053461843,"{""zone1"": ""1.27|2.36|99|1"", ""zone2"": ""2.36|3.47|99|0.41"", ""zone3"": ""3.47|7.06|8|0.40"", ""thresold1"": ""0.20|3|0.035"", ""thresold2"": ""3|4|0.035"", ""thresold3"": ""4|7|0.035"", ""thresold4"": ""7|20|0.029"", ""thresold5"": ""20|99|0.029"", ""greenground"": ""0.56"", ""greenhigh"": ""3.80"", ""topweight"": ""0.22"", ""pointvolumefactor"": ""0.32"", ""firstandlastreturnasground"": ""1"", ""firstandlastreturnfactor"": ""0.03"", ""lastreturnfactor"": ""0.54"", ""greendetectsize"": ""2"", ""groundboxsize"": ""3"", ""medianboxsize"": ""19"", ""medianboxsize2"": ""5"", ""greenshades"": ""0.501|0.836|3.217"", ""greenshadeisom"": ""406|408|410"", ""vegesimplify"": ""1.29""}",False,1.5163809149548306,1.1209973902221229,0.17888408479840703,53.050712854130175,0.9676303454941042,0.686098588998561,0.010430672696899318,False
78,0.7471745546277537,0.46821605563083324,-0.13816271829002089,"{""zone1"": ""1.31|2.17|99|1"", ""zone2"": ""2.17|3.06|99|0.39"", ""zone3"": ""3.06|6.27|8|0.29"", ""thresold1"": ""0.20|3|0.028"", ""thresold2"": ""3|4|0.028"", ""thresold3"": ""4|7|0.028"", ""thresold4"": ""7|20|0.030"", ""thresold5"": ""20|99|0.030"", ""greenground"": ""0.46"", ""greenhigh"": ""3.85"", ""topweight"": ""0.29"", ""pointvolumefactor"": ""0.25"", ""firstandlastreturnasground"": ""1"", ""firstandlastreturnfactor"": ""0.04"", ""lastreturnfactor"": ""0.49"", ""greendetectsize"": ""2"", ""groundboxsize"": ""3"", ""medianboxsize"": ""21"", ""medianboxsize2"": ""5"", ""greenshades"": ""0.446|0.719|4.260"", ""greenshadeisom"": ""406|408|410"", ""vegesimplify"": ""3.85""}",False,1.3882375642788496,1.0918231303466042,0.17888408479840703,50.692771203812924,0.8719337411994313,0.6888857692075926,0.010430672696899318,False
79,0.714517847679479,0.3924500084480289,-0.06622856418445643,"{""zone1"": ""1.35|2.72|99|1"", ""zone2"": ""2.72|3.29|99|0.44"", ""zone3"": ""3.29|6.64|8|0.33"", ""thresold1"": ""0.20|3|0.032"", ""thresold2"": ""3|4|0.032"", ""thresold3"": ""4|7|0.032"", ""thresold4"": ""7|20|0.031"", ""thresold5"": ""20|99|0.031"", ""greenground"": ""0.63"", ""greenhigh"": ""3.69"", ""topweight"": ""0.22"", ""pointvolumefactor"": ""0.34"", ""firstandlastreturnasground"": ""1"", ""firstandlastreturnfactor"": ""0.75"", ""lastreturnfactor"": ""0.16"", ""greendetectsize"": ""2"", ""groundboxsize"": ""3"", ""medianboxsize"": ""19"", ""medianboxsize2"": ""5"", ""greenshades"": ""0.291|0.657|3.402"", ""greenshadeisom"": ""406|408|410"", ""vegesimplify"": ""0.70""}",False,1.709185971703971,1.1271285615134208,0.17888408479840703,51.41375449761008,1.041013840692704,0.6882524415606109,0.010430672696899318,False
80,0.7365486813064518,0.42674614861806964,-0.08924912893606697,"{""zone1"": ""1.42|2.11|99|1"", ""zone2"": ""2.11|3.19|99|0.34"", ""zone3"": ""3.19|6.96|8|0.36"", ""thresold1"": ""0.20|3|0.024"", ""thresold2"": ""3|4|0.024"", ""thresold3"": ""4|7|0.024"", ""thresold4"": ""7|20|0.022"", ""thresold5"": ""20|99|0.022"", ""greenground"": ""0.53"", ""greenhigh"": ""3.47"", ""topweight"": ""0.31"", ""pointvolumefactor"": ""0.29"", ""firstandlastreturnasground"": ""1"", ""firstandlastreturnfactor"": ""0.89"", ""lastreturnfactor"": ""0.86"", ""greendetectsize"": ""2"", ""groundboxsize"": ""3"", ""medianboxsize"": ""21"", ""medianboxsize2"": ""5"", ""greenshades"": ""0.515|0.812|3.356"", ""greenshadeisom"": ""406|408|410"", ""vegesimplify"": ""3.99""}",False,1.4858298229937776,1.098292571325694,0.17888408479840703,53.93566664639724,0.9165378465870928,0.6885242516297714,0.010430672696899318,False
81,0.7394522274058607,0.4897073787524746,-0.07657239789637553,"{""zone1"": ""1.20|2.81|99|1"", ""zone2"": ""2.81|4.17|99|0.30"", ""zone3"": ""4.17|7.01|8|0.25"", ""thresold1"": ""0.20|3|0.044"", ""thresold2"": ""3|4|0.044"", ""thresold3"": ""4|7|0.044"", ""thresold4"": ""7|20|0.072"", ""thresold5"": ""20|99|0.072"", ""greenground"": ""0.49"", ""greenhigh"": ""3.29"", ""topweight"": ""0.27"", ""pointvolumefactor"": ""0.37"", ""firstandlastreturnasground"": ""1"", ""firstandlastreturnfactor"": ""0.00"", ""lastreturnfactor"": ""0.58"", ""greendetectsize"": ""3"", ""groundboxsize"": ""3"", ""medianboxsize"": ""17"", ""medianboxsize2"": ""1"", ""greenshades"": ""0.582|2.730|3.632"", ""greenshadeisom"": ""406|408|410"", ""vegesimplify"": ""3.43""}",False,1.4817252813740822,1.1017111020209607,0.10812020460358056,58.69941946509704,1.0196165074580577,0.6898660980763666,0.00919715205429491,False
82,0.7482938287165867,0.544158224347445,-0.1716605615510296,"{""zone1"": ""0.56|1.89|99|1"", ""zone2"": ""1.89|2.53|99|0.57"", ""zone3"": ""2.53|5.33|8|0.15"", ""thresold1"": ""0.20|3|0.030"", ""thresold2"": ""3|4|0.030"", ""thresold3"": ""4|7|0.030"", ""thresold4"": ""7|20|0.036"", ""thresold5"": ""20|99|0.036"", ""greenground"": ""1.03"", ""greenhigh"": ""2.62"", ""topweight"": ""0.24"", ""pointvolumefactor"": ""0.46"", ""firstandlastreturnasground"": ""2"", ""firstandlastreturnfactor"": ""0.11"", ""lastreturnfactor"": ""0.37"", ""greendetectsize"": ""2"", ""groundboxsize"": ""1"", ""medianboxsize"": ""17"", ""medianboxsize2"": ""7"", ""greenshades"": ""0.632|1.974|4.138"", ""greenshadeisom"": ""406|408|410"", ""vegesimplify"": ""1.36""}",False,1.0383832829448885,1.1167197698255222,0.17888408479840703,40.54003359406892,0.8425289797476544,0.6846229817617342,0.010430672696899318,True
83,0.7429802155637765,0.5316994532209848,-0.03607497092010115,"{""zone1"": ""0.60|2.00|99|1"", ""zone2"": ""2.00|2.86|99|0.20"", ""zone3"": ""2.86|5.94|8|0.31"", ""thresold1"": ""0.20|3|0.033"", ""thresold2"": ""3|4|0.033"", ""thresold3"": ""4|7|0.033"", ""thresold4"": ""7|20|0.027"", ""thresold5"": ""20|99|0.027"", ""greenground"": ""0.76"", ""greenhigh"": ""2.06"", ""topweight"": ""0.25"", ""pointvolumefactor"": ""0.39"", ""firstandlastreturnasground"": ""2"", ""firstandlastreturnfactor"": ""0.05"", ""lastreturnfactor"": ""0.32"", ""greendetectsize"": ""2"", ""groundboxsize"": ""1"", ""medianboxsize"": ""17"", ""medianboxsize2"": ""7"", ""greenshades"": ""0.399|1.564|3.253"", ""greenshadeisom"": ""406|408|410"", ""vegesimplify"": ""1.48""}",False,1.3912558799583028,1.1187247061799803,0.17888408479840703,53.15772827167617,0.9924198821973299,0.6860667663279809,0.010430672696899318,True
84,0.7261185943830347,0.4737590317157215,-0.39609284664108824,"{""zone1"": ""0.51|1.90|99|1"", ""zone2"": ""1.90|2.21|99|0.68"", ""zone3"": ""2.21|4.96|8|0.32"", ""thresold1"": ""0.20|3|0.058"", ""thresold2"": ""3|4|0.058"", ""thresold3"": ""4|7|0.058"", ""thresold4"": ""7|20|0.039"", ""thresold5"": ""20|99|0.039"", ""greenground"": ""1.07"", ""greenhigh"": ""2.55"", ""topweight"": ""0.48"", ""pointvolumefactor"": ""0.42"", ""firstandlastreturnasground"": ""1"", ""firstandlastreturnfactor"": ""0.11"", ""lastreturnfactor"": ""0.40"", ""greendetectsize"": ""2"", ""groundboxsize"": ""3"", ""medianboxsize"": ""17"", ""medianboxsize2"": ""7"", ""greenshades"": ""0.817|2.106|3.784"", ""greenshadeisom"": ""406|408|410"", ""vegesimplify"": ""1.48""}",False,0.7481054288101273,1.1041635001347618,0.17888408479840703,30.07470595398981,0.6759673761652714,0.6857772455060444,0.010430672696899318,False
85,0.7392683637379237,0.5022025940813597,-0.14435764104339918,"{""zone1"": ""0.58|1.97|99|1"", ""zone2"": ""1.97|2.81|99|0.65"", ""zone3"": ""2.81|5.91|8|0.13"", ""thresold1"": ""0.20|3|0.134"", ""thresold2"": ""3|4|0.134"", ""thresold3"": ""4|7|0.134"", ""thresold4"": ""7|20|0.036"", ""thresold5"": ""20|99|0.036"", ""greenground"": ""1.02"", ""greenhigh"": ""2.71"", ""topweight"": ""0.40"", ""pointvolumefactor"": ""0.39"", ""firstandlastreturnasground"": ""1"", ""firstandlastreturnfactor"": ""0.09"", ""lastreturnfactor"": ""0.34"", ""greendetectsize"": ""2"", ""groundboxsize"": ""1"", ""medianboxsize"": ""17"", ""medianboxsize2"": ""7"", ""greenshades"": ""0.748|1.884|3.603"", ""greenshadeisom"": ""406|408|410"", ""vegesimplify"": ""0.87""}",False,1.0498963047514562,1.109639977568676,0.17888408479840703,42.12511204433079,0.8657638191328357,0.6853384422178994,0.010430672696899318,False
86,0.7388158695111718,0.5396718781344217,-0.09204844644197009,"{""zone1"": ""0.55|1.90|99|1"", ""zone2"": ""1.90|2.95|99|0.55"", ""zone3"": ""2.95|5.73|8|0.39"", ""thresold1"": ""0.20|3|0.068"", ""thresold2"": ""3|4|0.068"", ""thresold3"": ""4|7|0.068"", ""thresold4"": ""7|20|0.034"", ""thresold5"": ""20|99|0.034"", ""greenground"": ""0.97"", ""greenhigh"": ""2.60"", ""topweight"": ""0.24"", ""pointvolumefactor"": ""0.42"", ""firstandlastreturnasground"": ""1"", ""firstandlastreturnfactor"": ""0.06"", ""lastreturnfactor"": ""0.31"", ""greendetectsize"": ""5"", ""groundboxsize"": ""1"", ""medianboxsize"": ""17"", ""medianboxsize2"": ""7"", ""greenshades"": ""0.917|2.244|3.779"", ""greenshadeisom"": ""406|408|410"", ""vegesimplify"": ""0.93""}",False,1.5695427334192231,1.116932833474033,0.04895093717024663,49.204312015452736,0.9132728778921186,0.6860310603885663,0.0023432923257176333,True
87,0.7500199024279827,0.5477121778278251,-0.17323422397444796,"{""zone1"": ""0.54|1.87|99|1"", ""zone2"": ""1.87|2.88|99|0.51"", ""zone3"": ""2.88|5.65|8|0.40"", ""thresold1"": ""0.20|3|0.098"", ""thresold2"": ""3|4|0.098"", ""thresold3"": ""4|7|0.098"", ""thresold4"": ""7|20|0.035"", ""thresold5"": ""20|99|0.035"", ""greenground"": ""1.14"", ""greenhigh"": ""2.52"", ""topweight"": ""0.24"", ""pointvolumefactor"": ""0.41"", ""firstandlastreturnasground"": ""1"", ""firstandlastreturnfactor"": ""0.06"", ""lastreturnfactor"": ""0.29"", ""greendetectsize"": ""5"", ""groundboxsize"": ""1"", ""medianboxsize"": ""17"", ""medianboxsize2"": ""7"", ""greenshades"": ""0.926|2.183|3.633"", ""greenshadeisom"": ""406|408|410"", ""vegesimplify"": ""0.93""}",False,1.3647345263828126,1.1181546986286526,0.04895093717024663,42.35135860470326,0.8416507839304356,0.6843995658868901,0.0023432923257176333,True
