number,cliff_precision,cliff_recall,overrides,default,cliff_density,rock_spearman,pareto
0,0.4656978438228438,0.09718956424118924,{},True,0.002182219597216317,0.057603699657942854,False
1,0.5855537840897339,0.15864564792159142,"{""cliff1"": ""0.53"", ""cliff2"": ""1.28"", ""cliffthin"": ""0.56"", ""cliffsteepfactor"": ""0.23"", ""cliffflatplace"": ""2.55"", ""cliffnosmallciffs"": ""11.94""}",False,0.004936540804919787,0.07316812132974167,False
2,0.6082529490669507,0.14938820873468023,"{""cliff1"": ""0.54"", ""cliff2"": ""1.51"", ""cliffthin"": ""0.55"", ""cliffsteepfactor"": ""0.27"", ""cliffflatplace"": ""2.23"", ""cliffnosmallciffs"": ""10.86""}",False,0.004473569291803869,0.06936904664497354,True
3,0.4883536426670333,0.08295841262207047,"{""cliff1"": ""1.60"", ""cliff2"": ""3.41"", ""cliffthin"": ""0.68"", ""cliffsteepfactor"": ""0.48"", ""cliffflatplace"": ""4.81"", ""cliffnosmallciffs"": ""7.75""}",False,0.0016976830512973606,0.05595602627663521,False
4,0.15048076923076922,0.012610407280189143,"{""cliff1"": ""1.38"", ""cliff2"": ""3.62"", ""cliffthin"": ""0.97"", ""cliffsteepfactor"": ""0.37"", ""cliffflatplace"": ""8.13"", ""cliffnosmallciffs"": ""6.35""}",False,0.0002519715271773748,0.014245271642858697,False
5,0.4846106213077898,0.06517357697730655,"{""cliff1"": ""1.64"", ""cliff2"": ""3.96"", ""cliffthin"": ""0.26"", ""cliffsteepfactor"": ""0.16"", ""cliffflatplace"": ""1.18"", ""cliffnosmallciffs"": ""9.99""}",False,0.0015886809001131041,0.08957513880061171,False
6,0.4928970223325062,0.07397716546678346,"{""cliff1"": ""2.06"", ""cliff2"": ""4.24"", ""cliffthin"": ""0.98"", ""cliffsteepfactor"": ""0.66"", ""cliffflatplace"": ""5.15"", ""cliffnosmallciffs"": ""9.37""}",False,0.0016344266977341704,0.06595424171327396,False
7,0.17393314366998577,0.021801307662638648,"{""cliff1"": ""0.74"", ""cliff2"": ""2.37"", ""cliffthin"": ""0.31"", ""cliffsteepfactor"": ""0.76"", ""cliffflatplace"": ""5.70"", ""cliffnosmallciffs"": ""4.98""}",False,0.0002698917678287671,0.034453529509286124,False
8,0.4819815668202765,0.07454233286500088,"{""cliff1"": ""1.03"", ""cliff2"": ""2.99"", ""cliffthin"": ""0.56"", ""cliffsteepfactor"": ""0.50"", ""cliffflatplace"": ""1.17"", ""cliffnosmallciffs"": ""7.41""}",False,0.0016015218023426314,0.05199680744982326,False
9,0.32103581629036626,0.045432208368670124,"{""cliff1"": ""1.72"", ""cliff2"": ""3.30"", ""cliffthin"": ""0.95"", ""cliffsteepfactor"": ""0.58"", ""cliffflatplace"": ""4.24"", ""cliffnosmallciffs"": ""5.24""}",False,0.000596967376907287,0.030288614970481038,False
10,0.11480263157894738,0.0029458205082452307,"{""cliff1"": ""1.90"", ""cliff2"": ""2.14"", ""cliffthin"": ""0.73"", ""cliffsteepfactor"": ""0.57"", ""cliffflatplace"": ""2.89"", ""cliffnosmallciffs"": ""1.55""}",False,6.14577038504649e-05,-0.012381403664932915,False
11,0.10416666666666666,0.0029458205082452307,"{""cliff1"": ""1.13"", ""cliff2"": ""2.10"", ""cliffthin"": ""0.66"", ""cliffsteepfactor"": ""0.41"", ""cliffflatplace"": ""9.90"", ""cliffnosmallciffs"": ""1.22""}",False,5.595849142991938e-05,-0.02136294700107468,False
12,0.4965677060297803,0.0758344546359822,"{""cliff1"": ""0.92"", ""cliff2"": ""1.40"", ""cliffthin"": ""0.72"", ""cliffsteepfactor"": ""0.28"", ""cliffflatplace"": ""5.20"", ""cliffnosmallciffs"": ""2.93""}",False,0.0020074708609172376,0.08686887500403959,False
13,0.494885188716951,0.12784206983518276,"{""cliff1"": ""0.82"", ""cliff2"": ""1.18"", ""cliffthin"": ""0.73"", ""cliffsteepfactor"": ""0.20"", ""cliffflatplace"": ""2.77"", ""cliffnosmallciffs"": ""4.42""}",False,0.0036038094115156127,0.06579678711775735,False
14,0.4844706368899917,0.041476445693239036,"{""cliff1"": ""2.14"", ""cliff2"": ""2.48"", ""cliffthin"": ""0.87"", ""cliffsteepfactor"": ""0.17"", ""cliffflatplace"": ""9.79"", ""cliffnosmallciffs"": ""5.62""}",False,0.0011792322691235313,0.068698274817906,False
15,0.13687275985663083,0.007337716167789327,"{""cliff1"": ""2.45"", ""cliff2"": ""4.01"", ""cliffthin"": ""0.79"", ""cliffsteepfactor"": ""0.13"", ""cliffflatplace"": ""3.55"", ""cliffnosmallciffs"": ""1.44""}",False,0.00014902088150847703,-0.0006512238047635122,False
16,0.45812754994336347,0.11706213081019759,"{""cliff1"": ""1.09"", ""cliff2"": ""1.48"", ""cliffthin"": ""0.45"", ""cliffsteepfactor"": ""0.39"", ""cliffflatplace"": ""1.58"", ""cliffnosmallciffs"": ""8.31""}",False,0.0035054624453323413,0.06289169807118208,False
17,0.49277900987376233,0.09954080810621735,"{""cliff1"": ""1.63"", ""cliff2"": ""2.37"", ""cliffthin"": ""0.62"", ""cliffsteepfactor"": ""0.17"", ""cliffflatplace"": ""6.18"", ""cliffnosmallciffs"": ""11.15""}",False,0.002989849253765442,0.08018205361892682,False
18,0.07291666666666667,0.0008264282315504603,"{""cliff1"": ""1.14"", ""cliff2"": ""2.84"", ""cliffthin"": ""0.31"", ""cliffsteepfactor"": ""0.60"", ""cliffflatplace"": ""3.60"", ""cliffnosmallciffs"": ""2.20""}",False,1.5820192402316025e-05,-0.02487755348997118,False
19,0.4903989536814382,0.0773751505426879,"{""cliff1"": ""1.67"", ""cliff2"": ""1.82"", ""cliffthin"": ""0.86"", ""cliffsteepfactor"": ""0.10"", ""cliffflatplace"": ""7.10"", ""cliffnosmallciffs"": ""3.24""}",False,0.0022799930920882616,0.09495150859195618,False
20,0.5788590159176312,0.14536366035904777,"{""cliff1"": ""0.54"", ""cliff2"": ""1.71"", ""cliffthin"": ""0.50"", ""cliffsteepfactor"": ""0.26"", ""cliffflatplace"": ""2.28"", ""cliffnosmallciffs"": ""11.93""}",False,0.004316659370488196,0.0625121809739917,False
21,0.5718974679183051,0.1437154647205257,"{""cliff1"": ""0.53"", ""cliff2"": ""1.76"", ""cliffthin"": ""0.47"", ""cliffsteepfactor"": ""0.25"", ""cliffflatplace"": ""2.25"", ""cliffnosmallciffs"": ""11.94""}",False,0.0042717647447716445,0.06663787504432174,False
22,0.5518015644739671,0.13997155141454007,"{""cliff1"": ""0.55"", ""cliff2"": ""1.75"", ""cliffthin"": ""0.48"", ""cliffsteepfactor"": ""0.30"", ""cliffflatplace"": ""2.12"", ""cliffnosmallciffs"": ""10.86""}",False,0.004127685472667508,0.06538262666008421,False
23,0.6307268555244304,0.14612448887975416,"{""cliff1"": ""0.69"", ""cliff2"": ""1.50"", ""cliffthin"": ""0.55"", ""cliffsteepfactor"": ""0.32"", ""cliffflatplace"": ""3.26"", ""cliffnosmallciffs"": ""11.80""}",False,0.004464781623937597,0.07359365635920226,True
24,0.5962694856950959,0.13951610512924878,"{""cliff1"": ""0.71"", ""cliff2"": ""1.42"", ""cliffthin"": ""0.39"", ""cliffsteepfactor"": ""0.37"", ""cliffflatplace"": ""3.51"", ""cliffnosmallciffs"": ""9.94""}",False,0.004221343886001705,0.061185940616610514,False
25,0.5876730208084161,0.14331468637462894,"{""cliff1"": ""0.71"", ""cliff2"": ""1.57"", ""cliffthin"": ""0.56"", ""cliffsteepfactor"": ""0.30"", ""cliffflatplace"": ""4.17"", ""cliffnosmallciffs"": ""9.09""}",False,0.004213189490656077,0.06862138403890715,False
26,0.4841776472819417,0.13125465259404634,"{""cliff1"": ""0.90"", ""cliff2"": ""1.56"", ""cliffthin"": ""0.58"", ""cliffsteepfactor"": ""0.22"", ""cliffflatplace"": ""3.10"", ""cliffnosmallciffs"": ""10.81""}",False,0.0040770493992567935,0.06936154789200234,False
27,0.47320699112978526,0.10408843518928092,"{""cliff1"": ""1.30"", ""cliff2"": ""2.30"", ""cliffthin"": ""0.52"", ""cliffsteepfactor"": ""0.34"", ""cliffflatplace"": ""1.75"", ""cliffnosmallciffs"": ""10.49""}",False,0.0028983487885483328,0.06507339704821372,False
28,0.6085847305443028,0.146967617085585,"{""cliff1"": ""0.64"", ""cliff2"": ""1.99"", ""cliffthin"": ""0.40"", ""cliffsteepfactor"": ""0.45"", ""cliffflatplace"": ""4.29"", ""cliffnosmallciffs"": ""11.92""}",False,0.004163106891610369,0.06685581368051606,True
29,0.46247312461478834,0.12485081239635072,"{""cliff1"": ""0.88"", ""cliff2"": ""1.48"", ""cliffthin"": ""0.40"", ""cliffsteepfactor"": ""0.22"", ""cliffflatplace"": ""2.60"", ""cliffnosmallciffs"": ""8.93""}",False,0.003826767637519879,0.06369785739017365,False
30,0.575196853238453,0.160512565797268,"{""cliff1"": ""0.50"", ""cliff2"": ""1.90"", ""cliffthin"": ""0.68"", ""cliffsteepfactor"": ""0.45"", ""cliffflatplace"": ""4.63"", ""cliffnosmallciffs"": ""7.93""}",False,0.004122595240914961,0.07411371482481376,False
31,0.578041878489243,0.1615405916387727,"{""cliff1"": ""0.51"", ""cliff2"": ""1.40"", ""cliffthin"": ""0.64"", ""cliffsteepfactor"": ""0.46"", ""cliffflatplace"": ""4.63"", ""cliffnosmallciffs"": ""7.37""}",False,0.004395579705487762,0.07291188894107424,True
32,0.5563809991092434,0.14803845145494157,"{""cliff1"": ""0.65"", ""cliff2"": ""1.63"", ""cliffthin"": ""0.59"", ""cliffsteepfactor"": ""0.34"", ""cliffflatplace"": ""3.59"", ""cliffnosmallciffs"": ""11.16""}",False,0.00442983432640176,0.06732852827514746,False
33,0.4762327391867208,0.11799857533881984,"{""cliff1"": ""0.82"", ""cliff2"": ""1.69"", ""cliffthin"": ""0.63"", ""cliffsteepfactor"": ""0.52"", ""cliffflatplace"": ""1.76"", ""cliffnosmallciffs"": ""7.34""}",False,0.0031450406281692267,0.0630955491584811,False
34,0.5258669669409851,0.15946114200737027,"{""cliff1"": ""0.62"", ""cliff2"": ""1.16"", ""cliffthin"": ""0.54"", ""cliffsteepfactor"": ""0.33"", ""cliffflatplace"": ""6.17"", ""cliffnosmallciffs"": ""9.96""}",False,0.005095992591122922,0.0639076336931079,False
35,0.519196288018489,0.11115492144541493,"{""cliff1"": ""0.99"", ""cliff2"": ""1.80"", ""cliffthin"": ""0.44"", ""cliffsteepfactor"": ""0.42"", ""cliffflatplace"": ""3.08"", ""cliffnosmallciffs"": ""6.66""}",False,0.0027791553760607712,0.068728539913205,False
36,0.5748764686767566,0.14050606231997487,"{""cliff1"": ""0.76"", ""cliff2"": ""1.89"", ""cliffthin"": ""0.64"", ""cliffsteepfactor"": ""0.23"", ""cliffflatplace"": ""4.84"", ""cliffnosmallciffs"": ""9.62""}",False,0.0040824392094691575,0.06842982108069916,False
37,0.4630515782015205,0.10524631589448723,"{""cliff1"": ""1.34"", ""cliff2"": ""2.37"", ""cliffthin"": ""0.53"", ""cliffsteepfactor"": ""0.79"", ""cliffflatplace"": ""3.83"", ""cliffnosmallciffs"": ""11.43""}",False,0.0030288143809968915,0.06489997656689137,False
38,0.5885929052490353,0.13150781113387905,"{""cliff1"": ""0.61"", ""cliff2"": ""1.97"", ""cliffthin"": ""0.78"", ""cliffsteepfactor"": ""0.72"", ""cliffflatplace"": ""1.05"", ""cliffnosmallciffs"": ""10.49""}",False,0.003710473924911639,0.06937475089153625,False
39,0.5487748847218699,0.1330571795211015,"{""cliff1"": ""0.79"", ""cliff2"": ""1.59"", ""cliffthin"": ""0.60"", ""cliffsteepfactor"": ""0.54"", ""cliffflatplace"": ""5.63"", ""cliffnosmallciffs"": ""6.33""}",False,0.0032864523377611476,0.06470700350843472,False
40,0.44641622733124736,0.10503419798998073,"{""cliff1"": ""1.23"", ""cliff2"": ""1.73"", ""cliffthin"": ""0.22"", ""cliffsteepfactor"": ""0.37"", ""cliffflatplace"": ""7.49"", ""cliffnosmallciffs"": ""8.73""}",False,0.003112997950125873,0.07086510284702179,False
41,0.5826023229979652,0.14331386202341947,"{""cliff1"": ""0.65"", ""cliff2"": ""2.06"", ""cliffthin"": ""0.39"", ""cliffsteepfactor"": ""0.45"", ""cliffflatplace"": ""4.28"", ""cliffnosmallciffs"": ""11.66""}",False,0.004072720284057141,0.07524227931670482,False
42,0.5444824181870328,0.15219708472158877,"{""cliff1"": ""0.51"", ""cliff2"": ""2.52"", ""cliffthin"": ""0.35"", ""cliffsteepfactor"": ""0.47"", ""cliffflatplace"": ""4.67"", ""cliffnosmallciffs"": ""10.34""}",False,0.003922206743482093,0.06832200753898264,False
43,0.13080495356037153,0.007804948997040936,"{""cliff1"": ""0.69"", ""cliff2"": ""1.63"", ""cliffthin"": ""0.69"", ""cliffsteepfactor"": ""0.44"", ""cliffflatplace"": ""2.61"", ""cliffnosmallciffs"": ""0.05""}",False,0.00013999144357512705,-0.0033305307119127943,False
44,0.60374952306504,0.12297661692124727,"{""cliff1"": ""0.95"", ""cliff2"": ""2.04"", ""cliffthin"": ""0.43"", ""cliffsteepfactor"": ""0.62"", ""cliffflatplace"": ""4.00"", ""cliffnosmallciffs"": ""11.54""}",False,0.003606030340961297,0.060816814266173046,False
45,0.4912569573283859,0.09780369358783601,"{""cliff1"": ""1.45"", ""cliff2"": ""2.80"", ""cliffthin"": ""0.55"", ""cliffsteepfactor"": ""0.50"", ""cliffflatplace"": ""3.13"", ""cliffnosmallciffs"": ""11.97""}",False,0.0027121481051040064,0.07452795583191614,False
46,0.6342993522234801,0.13763365956377127,"{""cliff1"": ""0.82"", ""cliff2"": ""1.54"", ""cliffthin"": ""0.50"", ""cliffsteepfactor"": ""0.30"", ""cliffflatplace"": ""5.56"", ""cliffnosmallciffs"": ""9.64""}",False,0.0042346889540567645,0.06920530026288498,True
47,0.5581705884220187,0.13998551467220255,"{""cliff1"": ""0.84"", ""cliff2"": ""1.47"", ""cliffthin"": ""0.66"", ""cliffsteepfactor"": ""0.30"", ""cliffflatplace"": ""5.42"", ""cliffnosmallciffs"": ""9.44""}",False,0.004338550298143673,0.07072728530271302,False
48,0.5424556304705558,0.1415815995950767,"{""cliff1"": ""0.76"", ""cliff2"": ""1.19"", ""cliffthin"": ""0.51"", ""cliffsteepfactor"": ""0.20"", ""cliffflatplace"": ""6.61"", ""cliffnosmallciffs"": ""8.51""}",False,0.004625152473636263,0.06687338625442946,False
49,0.46581321240911094,0.12776792457003958,"{""cliff1"": ""1.03"", ""cliff2"": ""1.77"", ""cliffthin"": ""0.62"", ""cliffsteepfactor"": ""0.26"", ""cliffflatplace"": ""5.04"", ""cliffnosmallciffs"": ""10.80""}",False,0.0038979157459380076,0.06833074476752897,False
50,0.49164088283828383,0.030837221984490883,"{""cliff1"": ""0.85"", ""cliff2"": ""1.75"", ""cliffthin"": ""0.50"", ""cliffsteepfactor"": ""0.35"", ""cliffflatplace"": ""9.42"", ""cliffnosmallciffs"": ""4.38""}",False,0.0008352325974669839,0.054305695622280895,False
51,0.5822714901974404,0.15947545943356217,"{""cliff1"": ""0.59"", ""cliff2"": ""1.35"", ""cliffthin"": ""0.58"", ""cliffsteepfactor"": ""0.32"", ""cliffflatplace"": ""4.37"", ""cliffnosmallciffs"": ""11.45""}",False,0.004952346293066512,0.05944553809799426,False
52,0.5698407176095458,0.15571585718289285,"{""cliff1"": ""0.59"", ""cliff2"": ""1.37"", ""cliffthin"": ""0.56"", ""cliffsteepfactor"": ""0.39"", ""cliffflatplace"": ""4.54"", ""cliffnosmallciffs"": ""11.27""}",False,0.004893952211205033,0.0712596513723451,False
53,0.5780009162114321,0.1571701477902704,"{""cliff1"": ""0.73"", ""cliff2"": ""1.00"", ""cliffthin"": ""0.71"", ""cliffsteepfactor"": ""0.14"", ""cliffflatplace"": ""5.77"", ""cliffnosmallciffs"": ""10.39""}",False,0.005156716637429781,0.06838360038959908,False
54,0.5601445846355135,0.10551732337496884,"{""cliff1"": ""0.60"", ""cliff2"": ""3.06"", ""cliffthin"": ""0.60"", ""cliffsteepfactor"": ""0.29"", ""cliffflatplace"": ""1.46"", ""cliffnosmallciffs"": ""10.05""}",False,0.0027776116357927094,0.06436008622654449,False
55,0.6019374857462629,0.1608150840057737,"{""cliff1"": ""0.57"", ""cliff2"": ""1.14"", ""cliffthin"": ""0.75"", ""cliffsteepfactor"": ""0.24"", ""cliffflatplace"": ""2.38"", ""cliffnosmallciffs"": ""9.59""}",False,0.00498792892358324,0.06569723711986454,True
56,0.5536887746515773,0.13215060499443942,"{""cliff1"": ""0.66"", ""cliff2"": ""1.92"", ""cliffthin"": ""0.78"", ""cliffsteepfactor"": ""0.19"", ""cliffflatplace"": ""3.16"", ""cliffnosmallciffs"": ""7.64""}",False,0.0036443467006392893,0.06399026785199938,False
57,0.622736335432065,0.11622332447977633,"{""cliff1"": ""0.79"", ""cliff2"": ""2.53"", ""cliffthin"": ""0.86"", ""cliffsteepfactor"": ""0.53"", ""cliffflatplace"": ""2.02"", ""cliffnosmallciffs"": ""9.64""}",False,0.0030414516927521618,0.0737776327459666,False
58,0.45628129631846875,0.11992787461812783,"{""cliff1"": ""1.07"", ""cliff2"": ""1.64"", ""cliffthin"": ""0.33"", ""cliffsteepfactor"": ""0.41"", ""cliffflatplace"": ""5.20"", ""cliffnosmallciffs"": ""8.01""}",False,0.003341177415563834,0.07149079166992378,False
59,0.5499414866869552,0.1300893820931589,"{""cliff1"": ""0.50"", ""cliff2"": ""1.97"", ""cliffthin"": ""0.75"", ""cliffsteepfactor"": ""0.25"", ""cliffflatplace"": ""2.38"", ""cliffnosmallciffs"": ""7.05""}",False,0.003385764477570774,0.07249964917560552,False
