number,open_f1,open_ba,overrides,default,green_bias,open_bias,ug_bias,speckle,boundary_ratio,ug_f1,green_ba,green_kappa,pareto
0,0.6507849909204141,0.8161216028881911,"{""zone1"": ""0.80|3.01|99|1"", ""zone2"": ""3.01|3.79|99|0.60"", ""zone3"": ""3.79|6.43|8|0.39"", ""thresold1"": ""0.20|3|0.030"", ""thresold2"": ""3|4|0.030"", ""thresold3"": ""4|7|0.030"", ""thresold4"": ""7|20|0.087"", ""thresold5"": ""20|99|0.087"", ""greenground"": ""0.91"", ""greenhigh"": ""2.88"", ""topweight"": ""0.26"", ""pointvolumefactor"": ""0.37"", ""firstandlastreturnasground"": ""1"", ""firstandlastreturnfactor"": ""0.07"", ""lastreturnfactor"": ""0.21"", ""greendetectsize"": ""2"", ""groundboxsize"": ""1"", ""medianboxsize"": ""19"", ""medianboxsize2"": ""7"", ""greenshades"": ""0.689|1.733|2.828"", ""greenshadeisom"": ""406|408|410"", ""vegesimplify"": ""1.83"", ""yellowheight"": ""0.24"", ""yellowthresold"": ""0.891"", ""yellowfirstlast"": ""3"", ""yellowmedianboxsize"": ""13"", ""cliff1"": ""0.53"", ""cliff2"": ""1.28"", ""cliffthin"": ""0.56"", ""cliffsteepfactor"": ""0.23"", ""cliffflatplace"": ""2.55"", ""cliffnosmallciffs"": ""11.94""}",True,2.635944930194827,0.8106670607659339,0.19567890536496288,98.99754807224609,1.0336556726853243,0.004492197223271573,0.6391886504873048,0.4073321861291766,True
1,0.6507849909204141,0.8161216028881911,"{""zone1"": ""0.80|3.01|99|1"", ""zone2"": ""3.01|3.79|99|0.60"", ""zone3"": ""3.79|6.43|8|0.39"", ""thresold1"": ""0.20|3|0.030"", ""thresold2"": ""3|4|0.030"", ""thresold3"": ""4|7|0.030"", ""thresold4"": ""7|20|0.087"", ""thresold5"": ""20|99|0.087"", ""greenground"": ""0.91"", ""greenhigh"": ""2.88"", ""topweight"": ""0.26"", ""pointvolumefactor"": ""0.37"", ""firstandlastreturnasground"": ""1"", ""firstandlastreturnfactor"": ""0.07"", ""lastreturnfactor"": ""0.21"", ""greendetectsize"": ""2"", ""groundboxsize"": ""1"", ""medianboxsize"": ""19"", ""medianboxsize2"": ""7"", ""greenshades"": ""0.689|1.733|2.828"", ""greenshadeisom"": ""406|408|410"", ""vegesimplify"": ""1.83"", ""yellowheight"": ""0.24"", ""yellowthresold"": ""0.891"", ""yellowfirstlast"": ""3"", ""yellowmedianboxsize"": ""13"", ""cliff1"": ""0.53"", ""cliff2"": ""1.28"", ""cliffthin"": ""0.56"", ""cliffsteepfactor"": ""0.23"", ""cliffflatplace"": ""2.55"", ""cliffnosmallciffs"": ""11.94""}",False,2.635944930194827,0.8106670607659339,0.19567890536496288,98.99754807224609,1.0336556726853243,0.004492197223271573,0.6391886504873048,0.4073321861291766,True
2,0.6237860649489255,0.8335782479769108,"{""zone1"": ""0.80|3.01|99|1"", ""zone2"": ""3.01|3.79|99|0.60"", ""zone3"": ""3.79|6.43|8|0.39"", ""thresold1"": ""0.20|3|0.030"", ""thresold2"": ""3|4|0.030"", ""thresold3"": ""4|7|0.030"", ""thresold4"": ""7|20|0.087"", ""thresold5"": ""20|99|0.087"", ""greenground"": ""0.91"", ""greenhigh"": ""2.88"", ""topweight"": ""0.26"", ""pointvolumefactor"": ""0.37"", ""firstandlastreturnasground"": ""1"", ""firstandlastreturnfactor"": ""0.07"", ""lastreturnfactor"": ""0.21"", ""greendetectsize"": ""2"", ""groundboxsize"": ""1"", ""medianboxsize"": ""19"", ""medianboxsize2"": ""7"", ""greenshades"": ""0.689|1.733|2.828"", ""greenshadeisom"": ""406|408|410"", ""vegesimplify"": ""1.83"", ""yellowheight"": ""0.51"", ""yellowthresold"": ""0.694"", ""yellowfirstlast"": ""2"", ""yellowmedianboxsize"": ""11"", ""cliff1"": ""0.53"", ""cliff2"": ""1.28"", ""cliffthin"": ""0.56"", ""cliffsteepfactor"": ""0.23"", ""cliffflatplace"": ""2.55"", ""cliffnosmallciffs"": ""11.94""}",False,2.645927264277617,1.0962001179987573,0.19567890536496288,98.99754807224609,1.0336556726853243,0.004492197223271573,0.6393809895584639,0.4080993028352521,False
3,0.6106012718866579,0.8426185937503484,"{""zone1"": ""0.80|3.01|99|1"", ""zone2"": ""3.01|3.79|99|0.60"", ""zone3"": ""3.79|6.43|8|0.39"", ""thresold1"": ""0.20|3|0.030"", ""thresold2"": ""3|4|0.030"", ""thresold3"": ""4|7|0.030"", ""thresold4"": ""7|20|0.087"", ""thresold5"": ""20|99|0.087"", ""greenground"": ""0.91"", ""greenhigh"": ""2.88"", ""topweight"": ""0.26"", ""pointvolumefactor"": ""0.37"", ""firstandlastreturnasground"": ""1"", ""firstandlastreturnfactor"": ""0.07"", ""lastreturnfactor"": ""0.21"", ""greendetectsize"": ""2"", ""groundboxsize"": ""1"", ""medianboxsize"": ""19"", ""medianboxsize2"": ""7"", ""greenshades"": ""0.689|1.733|2.828"", ""greenshadeisom"": ""406|408|410"", ""vegesimplify"": ""1.83"", ""yellowheight"": ""0.42"", ""yellowthresold"": ""0.540"", ""yellowfirstlast"": ""3"", ""yellowmedianboxsize"": ""7"", ""cliff1"": ""0.53"", ""cliff2"": ""1.28"", ""cliffthin"": ""0.56"", ""cliffsteepfactor"": ""0.23"", ""cliffflatplace"": ""2.55"", ""cliffnosmallciffs"": ""11.94""}",False,2.6545476743032688,1.4091235457830635,0.19567890536496288,98.99754807224609,1.0336556726853243,0.004492197223271573,0.6401678822453567,0.4087542619221382,False
4,0.6151543269265416,0.8428857815017962,"{""zone1"": ""0.80|3.01|99|1"", ""zone2"": ""3.01|3.79|99|0.60"", ""zone3"": ""3.79|6.43|8|0.39"", ""thresold1"": ""0.20|3|0.030"", ""thresold2"": ""3|4|0.030"", ""thresold3"": ""4|7|0.030"", ""thresold4"": ""7|20|0.087"", ""thresold5"": ""20|99|0.087"", ""greenground"": ""0.91"", ""greenhigh"": ""2.88"", ""topweight"": ""0.26"", ""pointvolumefactor"": ""0.37"", ""firstandlastreturnasground"": ""1"", ""firstandlastreturnfactor"": ""0.07"", ""lastreturnfactor"": ""0.21"", ""greendetectsize"": ""2"", ""groundboxsize"": ""1"", ""medianboxsize"": ""19"", ""medianboxsize2"": ""7"", ""greenshades"": ""0.689|1.733|2.828"", ""greenshadeisom"": ""406|408|410"", ""vegesimplify"": ""1.83"", ""yellowheight"": ""0.40"", ""yellowthresold"": ""0.549"", ""yellowfirstlast"": ""3"", ""yellowmedianboxsize"": ""5"", ""cliff1"": ""0.53"", ""cliff2"": ""1.28"", ""cliffthin"": ""0.56"", ""cliffsteepfactor"": ""0.23"", ""cliffflatplace"": ""2.55"", ""cliffnosmallciffs"": ""11.94""}",False,2.654652747319808,1.376777111271016,0.19567890536496288,98.99754807224609,1.0336556726853243,0.004492197223271573,0.6402033013740975,0.40874973950767496,False
5,0.6363975399309302,0.8332909444291534,"{""zone1"": ""0.80|3.01|99|1"", ""zone2"": ""3.01|3.79|99|0.60"", ""zone3"": ""3.79|6.43|8|0.39"", ""thresold1"": ""0.20|3|0.030"", ""thresold2"": ""3|4|0.030"", ""thresold3"": ""4|7|0.030"", ""thresold4"": ""7|20|0.087"", ""thresold5"": ""20|99|0.087"", ""greenground"": ""0.91"", ""greenhigh"": ""2.88"", ""topweight"": ""0.26"", ""pointvolumefactor"": ""0.37"", ""firstandlastreturnasground"": ""1"", ""firstandlastreturnfactor"": ""0.07"", ""lastreturnfactor"": ""0.21"", ""greendetectsize"": ""2"", ""groundboxsize"": ""1"", ""medianboxsize"": ""19"", ""medianboxsize2"": ""7"", ""greenshades"": ""0.689|1.733|2.828"", ""greenshadeisom"": ""406|408|410"", ""vegesimplify"": ""1.83"", ""yellowheight"": ""0.30"", ""yellowthresold"": ""0.708"", ""yellowfirstlast"": ""2"", ""yellowmedianboxsize"": ""11"", ""cliff1"": ""0.53"", ""cliff2"": ""1.28"", ""cliffthin"": ""0.56"", ""cliffsteepfactor"": ""0.23"", ""cliffflatplace"": ""2.55"", ""cliffnosmallciffs"": ""11.94""}",False,2.6398906847103043,1.013219885581261,0.19567890536496288,98.99754807224609,1.0336556726853243,0.004492197223271573,0.6392906220876539,0.4076103447757484,False
6,0.6385498172403395,0.8239549530276591,"{""zone1"": ""0.80|3.01|99|1"", ""zone2"": ""3.01|3.79|99|0.60"", ""zone3"": ""3.79|6.43|8|0.39"", ""thresold1"": ""0.20|3|0.030"", ""thresold2"": ""3|4|0.030"", ""thresold3"": ""4|7|0.030"", ""thresold4"": ""7|20|0.087"", ""thresold5"": ""20|99|0.087"", ""greenground"": ""0.91"", ""greenhigh"": ""2.88"", ""topweight"": ""0.26"", ""pointvolumefactor"": ""0.37"", ""firstandlastreturnasground"": ""1"", ""firstandlastreturnfactor"": ""0.07"", ""lastreturnfactor"": ""0.21"", ""greendetectsize"": ""2"", ""groundboxsize"": ""1"", ""medianboxsize"": ""19"", ""medianboxsize2"": ""7"", ""greenshades"": ""0.689|1.733|2.828"", ""greenshadeisom"": ""406|408|410"", ""vegesimplify"": ""1.83"", ""yellowheight"": ""0.70"", ""yellowthresold"": ""0.870"", ""yellowfirstlast"": ""3"", ""yellowmedianboxsize"": ""5"", ""cliff1"": ""0.53"", ""cliff2"": ""1.28"", ""cliffthin"": ""0.56"", ""cliffsteepfactor"": ""0.23"", ""cliffflatplace"": ""2.55"", ""cliffnosmallciffs"": ""11.94""}",False,2.6373966536949243,0.9318429823939434,0.19567890536496288,98.99754807224609,1.0336556726853243,0.004492197223271573,0.6393606632716146,0.4077237545879124,False
7,0.6214751611723945,0.8275626027369649,"{""zone1"": ""0.80|3.01|99|1"", ""zone2"": ""3.01|3.79|99|0.60"", ""zone3"": ""3.79|6.43|8|0.39"", ""thresold1"": ""0.20|3|0.030"", ""thresold2"": ""3|4|0.030"", ""thresold3"": ""4|7|0.030"", ""thresold4"": ""7|20|0.087"", ""thresold5"": ""20|99|0.087"", ""greenground"": ""0.91"", ""greenhigh"": ""2.88"", ""topweight"": ""0.26"", ""pointvolumefactor"": ""0.37"", ""firstandlastreturnasground"": ""1"", ""firstandlastreturnfactor"": ""0.07"", ""lastreturnfactor"": ""0.21"", ""greendetectsize"": ""2"", ""groundboxsize"": ""1"", ""medianboxsize"": ""19"", ""medianboxsize2"": ""7"", ""greenshades"": ""0.689|1.733|2.828"", ""greenshadeisom"": ""406|408|410"", ""vegesimplify"": ""1.83"", ""yellowheight"": ""1.19"", ""yellowthresold"": ""0.822"", ""yellowfirstlast"": ""2"", ""yellowmedianboxsize"": ""9"", ""cliff1"": ""0.53"", ""cliff2"": ""1.28"", ""cliffthin"": ""0.56"", ""cliffsteepfactor"": ""0.23"", ""cliffflatplace"": ""2.55"", ""cliffnosmallciffs"": ""11.94""}",False,2.639313684395662,1.0796730227184947,0.19567890536496288,98.99754807224609,1.0336556726853243,0.004492197223271573,0.6395497394299241,0.40817823648920604,False
8,0.6248383065558493,0.8311452369183249,"{""zone1"": ""0.80|3.01|99|1"", ""zone2"": ""3.01|3.79|99|0.60"", ""zone3"": ""3.79|6.43|8|0.39"", ""thresold1"": ""0.20|3|0.030"", ""thresold2"": ""3|4|0.030"", ""thresold3"": ""4|7|0.030"", ""thresold4"": ""7|20|0.087"", ""thresold5"": ""20|99|0.087"", ""greenground"": ""0.91"", ""greenhigh"": ""2.88"", ""topweight"": ""0.26"", ""pointvolumefactor"": ""0.37"", ""firstandlastreturnasground"": ""1"", ""firstandlastreturnfactor"": ""0.07"", ""lastreturnfactor"": ""0.21"", ""greendetectsize"": ""2"", ""groundboxsize"": ""1"", ""medianboxsize"": ""19"", ""medianboxsize2"": ""7"", ""greenshades"": ""0.689|1.733|2.828"", ""greenshadeisom"": ""406|408|410"", ""vegesimplify"": ""1.83"", ""yellowheight"": ""0.96"", ""yellowthresold"": ""0.781"", ""yellowfirstlast"": ""1"", ""yellowmedianboxsize"": ""15"", ""cliff1"": ""0.53"", ""cliff2"": ""1.28"", ""cliffthin"": ""0.56"", ""cliffsteepfactor"": ""0.23"", ""cliffflatplace"": ""2.55"", ""cliffnosmallciffs"": ""11.94""}",False,2.6402690801580566,1.084026228942053,0.19567890536496288,98.99754807224609,1.0336556726853243,0.004492197223271573,0.6394380024011318,0.4079760236392543,False
9,0.6023786525010089,0.8388409873299193,"{""zone1"": ""0.80|3.01|99|1"", ""zone2"": ""3.01|3.79|99|0.60"", ""zone3"": ""3.79|6.43|8|0.39"", ""thresold1"": ""0.20|3|0.030"", ""thresold2"": ""3|4|0.030"", ""thresold3"": ""4|7|0.030"", ""thresold4"": ""7|20|0.087"", ""thresold5"": ""20|99|0.087"", ""greenground"": ""0.91"", ""greenhigh"": ""2.88"", ""topweight"": ""0.26"", ""pointvolumefactor"": ""0.37"", ""firstandlastreturnasground"": ""1"", ""firstandlastreturnfactor"": ""0.07"", ""lastreturnfactor"": ""0.21"", ""greendetectsize"": ""2"", ""groundboxsize"": ""1"", ""medianboxsize"": ""19"", ""medianboxsize2"": ""7"", ""greenshades"": ""0.689|1.733|2.828"", ""greenshadeisom"": ""406|408|410"", ""vegesimplify"": ""1.83"", ""yellowheight"": ""1.93"", ""yellowthresold"": ""0.626"", ""yellowfirstlast"": ""3"", ""yellowmedianboxsize"": ""9"", ""cliff1"": ""0.53"", ""cliff2"": ""1.28"", ""cliffthin"": ""0.56"", ""cliffsteepfactor"": ""0.23"", ""cliffflatplace"": ""2.55"", ""cliffnosmallciffs"": ""11.94""}",False,2.6521137511000457,1.5069273858932928,0.19567890536496288,98.99754807224609,1.0336556726853243,0.004492197223271573,0.640247749645891,0.4088212485714528,False
10,0.6283699221191623,0.8197133304814205,"{""zone1"": ""0.80|3.01|99|1"", ""zone2"": ""3.01|3.79|99|0.60"", ""zone3"": ""3.79|6.43|8|0.39"", ""thresold1"": ""0.20|3|0.030"", ""thresold2"": ""3|4|0.030"", ""thresold3"": ""4|7|0.030"", ""thresold4"": ""7|20|0.087"", ""thresold5"": ""20|99|0.087"", ""greenground"": ""0.91"", ""greenhigh"": ""2.88"", ""topweight"": ""0.26"", ""pointvolumefactor"": ""0.37"", ""firstandlastreturnasground"": ""1"", ""firstandlastreturnfactor"": ""0.07"", ""lastreturnfactor"": ""0.21"", ""greendetectsize"": ""2"", ""groundboxsize"": ""1"", ""medianboxsize"": ""19"", ""medianboxsize2"": ""7"", ""greenshades"": ""0.689|1.733|2.828"", ""greenshadeisom"": ""406|408|410"", ""vegesimplify"": ""1.83"", ""yellowheight"": ""1.22"", ""yellowthresold"": ""0.946"", ""yellowfirstlast"": ""0"", ""yellowmedianboxsize"": ""1"", ""cliff1"": ""0.53"", ""cliff2"": ""1.28"", ""cliffthin"": ""0.56"", ""cliffsteepfactor"": ""0.23"", ""cliffflatplace"": ""2.55"", ""cliffnosmallciffs"": ""11.94""}",False,2.636947044151994,0.9711646622879295,0.19567890536496288,98.99754807224609,1.0336556726853243,0.004492197223271573,0.6395970018658755,0.4082839742035432,False
11,0.6507849909204141,0.8161216028881911,"{""zone1"": ""0.80|3.01|99|1"", ""zone2"": ""3.01|3.79|99|0.60"", ""zone3"": ""3.79|6.43|8|0.39"", ""thresold1"": ""0.20|3|0.030"", ""thresold2"": ""3|4|0.030"", ""thresold3"": ""4|7|0.030"", ""thresold4"": ""7|20|0.087"", ""thresold5"": ""20|99|0.087"", ""greenground"": ""0.91"", ""greenhigh"": ""2.88"", ""topweight"": ""0.26"", ""pointvolumefactor"": ""0.37"", ""firstandlastreturnasground"": ""1"", ""firstandlastreturnfactor"": ""0.07"", ""lastreturnfactor"": ""0.21"", ""greendetectsize"": ""2"", ""groundboxsize"": ""1"", ""medianboxsize"": ""19"", ""medianboxsize2"": ""7"", ""greenshades"": ""0.689|1.733|2.828"", ""greenshadeisom"": ""406|408|410"", ""vegesimplify"": ""1.83"", ""yellowheight"": ""0.24"", ""yellowthresold"": ""0.891"", ""yellowfirstlast"": ""3"", ""yellowmedianboxsize"": ""13"", ""cliff1"": ""0.53"", ""cliff2"": ""1.28"", ""cliffthin"": ""0.56"", ""cliffsteepfactor"": ""0.23"", ""cliffflatplace"": ""2.55"", ""cliffnosmallciffs"": ""11.94""}",False,2.635944930194827,0.8106670607659339,0.19567890536496288,98.99754807224609,1.0336556726853243,0.004492197223271573,0.6391886504873048,0.4073321861291766,True
12,0.625489569872146,0.8266739759115536,"{""zone1"": ""0.80|3.01|99|1"", ""zone2"": ""3.01|3.79|99|0.60"", ""zone3"": ""3.79|6.43|8|0.39"", ""thresold1"": ""0.20|3|0.030"", ""thresold2"": ""3|4|0.030"", ""thresold3"": ""4|7|0.030"", ""thresold4"": ""7|20|0.087"", ""thresold5"": ""20|99|0.087"", ""greenground"": ""0.91"", ""greenhigh"": ""2.88"", ""topweight"": ""0.26"", ""pointvolumefactor"": ""0.37"", ""firstandlastreturnasground"": ""1"", ""firstandlastreturnfactor"": ""0.07"", ""lastreturnfactor"": ""0.21"", ""greendetectsize"": ""2"", ""groundboxsize"": ""1"", ""medianboxsize"": ""19"", ""medianboxsize2"": ""7"", ""greenshades"": ""0.689|1.733|2.828"", ""greenshadeisom"": ""406|408|410"", ""vegesimplify"": ""1.83"", ""yellowheight"": ""1.96"", ""yellowthresold"": ""0.872"", ""yellowfirstlast"": ""1"", ""yellowmedianboxsize"": ""13"", ""cliff1"": ""0.53"", ""cliff2"": ""1.28"", ""cliffthin"": ""0.56"", ""cliffsteepfactor"": ""0.23"", ""cliffflatplace"": ""2.55"", ""cliffnosmallciffs"": ""11.94""}",False,2.639097154246429,1.0566647486435492,0.19567890536496288,98.99754807224609,1.0336556726853243,0.004492197223271573,0.6395142472885453,0.4080928203531141,False
13,0.6215342278231928,0.8310149043126097,"{""zone1"": ""0.80|3.01|99|1"", ""zone2"": ""3.01|3.79|99|0.60"", ""zone3"": ""3.79|6.43|8|0.39"", ""thresold1"": ""0.20|3|0.030"", ""thresold2"": ""3|4|0.030"", ""thresold3"": ""4|7|0.030"", ""thresold4"": ""7|20|0.087"", ""thresold5"": ""20|99|0.087"", ""greenground"": ""0.91"", ""greenhigh"": ""2.88"", ""topweight"": ""0.26"", ""pointvolumefactor"": ""0.37"", ""firstandlastreturnasground"": ""1"", ""firstandlastreturnfactor"": ""0.07"", ""lastreturnfactor"": ""0.21"", ""greendetectsize"": ""2"", ""groundboxsize"": ""1"", ""medianboxsize"": ""19"", ""medianboxsize2"": ""7"", ""greenshades"": ""0.689|1.733|2.828"", ""greenshadeisom"": ""406|408|410"", ""vegesimplify"": ""1.83"", ""yellowheight"": ""0.41"", ""yellowthresold"": ""0.778"", ""yellowfirstlast"": ""0"", ""yellowmedianboxsize"": ""15"", ""cliff1"": ""0.53"", ""cliff2"": ""1.28"", ""cliffthin"": ""0.56"", ""cliffsteepfactor"": ""0.23"", ""cliffflatplace"": ""2.55"", ""cliffnosmallciffs"": ""11.94""}",False,2.6414620694836337,1.1196980568376893,0.19567890536496288,98.99754807224609,1.0336556726853243,0.004492197223271573,0.6393865672871524,0.40792717150849384,False
14,0.6376803631738267,0.8476721668563255,"{""zone1"": ""0.80|3.01|99|1"", ""zone2"": ""3.01|3.79|99|0.60"", ""zone3"": ""3.79|6.43|8|0.39"", ""thresold1"": ""0.20|3|0.030"", ""thresold2"": ""3|4|0.030"", ""thresold3"": ""4|7|0.030"", ""thresold4"": ""7|20|0.087"", ""thresold5"": ""20|99|0.087"", ""greenground"": ""0.91"", ""greenhigh"": ""2.88"", ""topweight"": ""0.26"", ""pointvolumefactor"": ""0.37"", ""firstandlastreturnasground"": ""1"", ""firstandlastreturnfactor"": ""0.07"", ""lastreturnfactor"": ""0.21"", ""greendetectsize"": ""2"", ""groundboxsize"": ""1"", ""medianboxsize"": ""19"", ""medianboxsize2"": ""7"", ""greenshades"": ""0.689|1.733|2.828"", ""greenshadeisom"": ""406|408|410"", ""vegesimplify"": ""1.83"", ""yellowheight"": ""1.14"", ""yellowthresold"": ""0.645"", ""yellowfirstlast"": ""1"", ""yellowmedianboxsize"": ""13"", ""cliff1"": ""0.53"", ""cliff2"": ""1.28"", ""cliffthin"": ""0.56"", ""cliffsteepfactor"": ""0.23"", ""cliffflatplace"": ""2.55"", ""cliffnosmallciffs"": ""11.94""}",False,2.645372293551957,1.3700893742342366,0.19567890536496288,98.99754807224609,1.0336556726853243,0.004492197223271573,0.6395176774869686,0.40812142110822164,True
15,0.6208605523018029,0.8356026669870346,"{""zone1"": ""0.80|3.01|99|1"", ""zone2"": ""3.01|3.79|99|0.60"", ""zone3"": ""3.79|6.43|8|0.39"", ""thresold1"": ""0.20|3|0.030"", ""thresold2"": ""3|4|0.030"", ""thresold3"": ""4|7|0.030"", ""thresold4"": ""7|20|0.087"", ""thresold5"": ""20|99|0.087"", ""greenground"": ""0.91"", ""greenhigh"": ""2.88"", ""topweight"": ""0.26"", ""pointvolumefactor"": ""0.37"", ""firstandlastreturnasground"": ""1"", ""firstandlastreturnfactor"": ""0.07"", ""lastreturnfactor"": ""0.21"", ""greendetectsize"": ""2"", ""groundboxsize"": ""1"", ""medianboxsize"": ""19"", ""medianboxsize2"": ""7"", ""greenshades"": ""0.689|1.733|2.828"", ""greenshadeisom"": ""406|408|410"", ""vegesimplify"": ""1.83"", ""yellowheight"": ""1.02"", ""yellowthresold"": ""0.735"", ""yellowfirstlast"": ""0"", ""yellowmedianboxsize"": ""9"", ""cliff1"": ""0.53"", ""cliff2"": ""1.28"", ""cliffthin"": ""0.56"", ""cliffsteepfactor"": ""0.23"", ""cliffflatplace"": ""2.55"", ""cliffnosmallciffs"": ""11.94""}",False,2.6467622957437995,1.3123062460233885,0.19567890536496288,98.99754807224609,1.0336556726853243,0.004492197223271573,0.6400835865162579,0.4083767360334947,False
16,0.6245607934055706,0.8315428247491715,"{""zone1"": ""0.80|3.01|99|1"", ""zone2"": ""3.01|3.79|99|0.60"", ""zone3"": ""3.79|6.43|8|0.39"", ""thresold1"": ""0.20|3|0.030"", ""thresold2"": ""3|4|0.030"", ""thresold3"": ""4|7|0.030"", ""thresold4"": ""7|20|0.087"", ""thresold5"": ""20|99|0.087"", ""greenground"": ""0.91"", ""greenhigh"": ""2.88"", ""topweight"": ""0.26"", ""pointvolumefactor"": ""0.37"", ""firstandlastreturnasground"": ""1"", ""firstandlastreturnfactor"": ""0.07"", ""lastreturnfactor"": ""0.21"", ""greendetectsize"": ""2"", ""groundboxsize"": ""1"", ""medianboxsize"": ""19"", ""medianboxsize2"": ""7"", ""greenshades"": ""0.689|1.733|2.828"", ""greenshadeisom"": ""406|408|410"", ""vegesimplify"": ""1.83"", ""yellowheight"": ""1.30"", ""yellowthresold"": ""0.764"", ""yellowfirstlast"": ""3"", ""yellowmedianboxsize"": ""11"", ""cliff1"": ""0.53"", ""cliff2"": ""1.28"", ""cliffthin"": ""0.56"", ""cliffsteepfactor"": ""0.23"", ""cliffflatplace"": ""2.55"", ""cliffnosmallciffs"": ""11.94""}",False,2.6414520026050203,1.0870802162699142,0.19567890536496288,98.99754807224609,1.0336556726853243,0.004492197223271573,0.6394870774380873,0.4081331851470204,False
17,0.6225742320722861,0.8407106633541329,"{""zone1"": ""0.80|3.01|99|1"", ""zone2"": ""3.01|3.79|99|0.60"", ""zone3"": ""3.79|6.43|8|0.39"", ""thresold1"": ""0.20|3|0.030"", ""thresold2"": ""3|4|0.030"", ""thresold3"": ""4|7|0.030"", ""thresold4"": ""7|20|0.087"", ""thresold5"": ""20|99|0.087"", ""greenground"": ""0.91"", ""greenhigh"": ""2.88"", ""topweight"": ""0.26"", ""pointvolumefactor"": ""0.37"", ""firstandlastreturnasground"": ""1"", ""firstandlastreturnfactor"": ""0.07"", ""lastreturnfactor"": ""0.21"", ""greendetectsize"": ""2"", ""groundboxsize"": ""1"", ""medianboxsize"": ""19"", ""medianboxsize2"": ""7"", ""greenshades"": ""0.689|1.733|2.828"", ""greenshadeisom"": ""406|408|410"", ""vegesimplify"": ""1.83"", ""yellowheight"": ""0.85"", ""yellowthresold"": ""0.658"", ""yellowfirstlast"": ""2"", ""yellowmedianboxsize"": ""1"", ""cliff1"": ""0.53"", ""cliff2"": ""1.28"", ""cliffthin"": ""0.56"", ""cliffsteepfactor"": ""0.23"", ""cliffflatplace"": ""2.55"", ""cliffnosmallciffs"": ""11.94""}",False,2.6509125387864887,1.3529183664142443,0.19567890536496288,98.99754807224609,1.0336556726853243,0.004492197223271573,0.6400396316675387,0.40836310260723657,False
18,0.606645888720311,0.8279367413139896,"{""zone1"": ""0.80|3.01|99|1"", ""zone2"": ""3.01|3.79|99|0.60"", ""zone3"": ""3.79|6.43|8|0.39"", ""thresold1"": ""0.20|3|0.030"", ""thresold2"": ""3|4|0.030"", ""thresold3"": ""4|7|0.030"", ""thresold4"": ""7|20|0.087"", ""thresold5"": ""20|99|0.087"", ""greenground"": ""0.91"", ""greenhigh"": ""2.88"", ""topweight"": ""0.26"", ""pointvolumefactor"": ""0.37"", ""firstandlastreturnasground"": ""1"", ""firstandlastreturnfactor"": ""0.07"", ""lastreturnfactor"": ""0.21"", ""greendetectsize"": ""2"", ""groundboxsize"": ""1"", ""medianboxsize"": ""19"", ""medianboxsize2"": ""7"", ""greenshades"": ""0.689|1.733|2.828"", ""greenshadeisom"": ""406|408|410"", ""vegesimplify"": ""1.83"", ""yellowheight"": ""1.40"", ""yellowthresold"": ""0.796"", ""yellowfirstlast"": ""0"", ""yellowmedianboxsize"": ""3"", ""cliff1"": ""0.53"", ""cliff2"": ""1.28"", ""cliffthin"": ""0.56"", ""cliffsteepfactor"": ""0.23"", ""cliffflatplace"": ""2.55"", ""cliffnosmallciffs"": ""11.94""}",False,2.642833017046833,1.2294363144834095,0.19567890536496288,98.99754807224609,1.0336556726853243,0.004492197223271573,0.6394072000441471,0.40803622691991986,False
19,0.6182492142625876,0.8415607227676022,"{""zone1"": ""0.80|3.01|99|1"", ""zone2"": ""3.01|3.79|99|0.60"", ""zone3"": ""3.79|6.43|8|0.39"", ""thresold1"": ""0.20|3|0.030"", ""thresold2"": ""3|4|0.030"", ""thresold3"": ""4|7|0.030"", ""thresold4"": ""7|20|0.087"", ""thresold5"": ""20|99|0.087"", ""greenground"": ""0.91"", ""greenhigh"": ""2.88"", ""topweight"": ""0.26"", ""pointvolumefactor"": ""0.37"", ""firstandlastreturnasground"": ""1"", ""firstandlastreturnfactor"": ""0.07"", ""lastreturnfactor"": ""0.21"", ""greendetectsize"": ""2"", ""groundboxsize"": ""1"", ""medianboxsize"": ""19"", ""medianboxsize2"": ""7"", ""greenshades"": ""0.689|1.733|2.828"", ""greenshadeisom"": ""406|408|410"", ""vegesimplify"": ""1.83"", ""yellowheight"": ""0.77"", ""yellowthresold"": ""0.615"", ""yellowfirstlast"": ""2"", ""yellowmedianboxsize"": ""7"", ""cliff1"": ""0.53"", ""cliff2"": ""1.28"", ""cliffthin"": ""0.56"", ""cliffsteepfactor"": ""0.23"", ""cliffflatplace"": ""2.55"", ""cliffnosmallciffs"": ""11.94""}",False,2.6506986746174386,1.3915227679835631,0.19567890536496288,98.99754807224609,1.0336556726853243,0.004492197223271573,0.640163048567708,0.4084547337457533,False
20,0.5481288078111507,0.8430175532481571,"{""zone1"": ""0.80|3.01|99|1"", ""zone2"": ""3.01|3.79|99|0.60"", ""zone3"": ""3.79|6.43|8|0.39"", ""thresold1"": ""0.20|3|0.030"", ""thresold2"": ""3|4|0.030"", ""thresold3"": ""4|7|0.030"", ""thresold4"": ""7|20|0.087"", ""thresold5"": ""20|99|0.087"", ""greenground"": ""0.91"", ""greenhigh"": ""2.88"", ""topweight"": ""0.26"", ""pointvolumefactor"": ""0.37"", ""firstandlastreturnasground"": ""1"", ""firstandlastreturnfactor"": ""0.07"", ""lastreturnfactor"": ""0.21"", ""greendetectsize"": ""2"", ""groundboxsize"": ""1"", ""medianboxsize"": ""19"", ""medianboxsize2"": ""7"", ""greenshades"": ""0.689|1.733|2.828"", ""greenshadeisom"": ""406|408|410"", ""vegesimplify"": ""1.83"", ""yellowheight"": ""1.58"", ""yellowthresold"": ""0.426"", ""yellowfirstlast"": ""1"", ""yellowmedianboxsize"": ""3"", ""cliff1"": ""0.53"", ""cliff2"": ""1.28"", ""cliffthin"": ""0.56"", ""cliffsteepfactor"": ""0.23"", ""cliffflatplace"": ""2.55"", ""cliffnosmallciffs"": ""11.94""}",False,2.65302859350572,2.705192913261858,0.19567890536496288,98.99754807224609,1.0336556726853243,0.004492197223271573,0.6392697505917742,0.4078081306174789,False
21,0.6357725565044324,0.806181071727363,"{""zone1"": ""0.80|3.01|99|1"", ""zone2"": ""3.01|3.79|99|0.60"", ""zone3"": ""3.79|6.43|8|0.39"", ""thresold1"": ""0.20|3|0.030"", ""thresold2"": ""3|4|0.030"", ""thresold3"": ""4|7|0.030"", ""thresold4"": ""7|20|0.087"", ""thresold5"": ""20|99|0.087"", ""greenground"": ""0.91"", ""greenhigh"": ""2.88"", ""topweight"": ""0.26"", ""pointvolumefactor"": ""0.37"", ""firstandlastreturnasground"": ""1"", ""firstandlastreturnfactor"": ""0.07"", ""lastreturnfactor"": ""0.21"", ""greendetectsize"": ""2"", ""groundboxsize"": ""1"", ""medianboxsize"": ""19"", ""medianboxsize2"": ""7"", ""greenshades"": ""0.689|1.733|2.828"", ""greenshadeisom"": ""406|408|410"", ""vegesimplify"": ""1.83"", ""yellowheight"": ""0.67"", ""yellowthresold"": ""0.982"", ""yellowfirstlast"": ""1"", ""yellowmedianboxsize"": ""5"", ""cliff1"": ""0.53"", ""cliff2"": ""1.28"", ""cliffthin"": ""0.56"", ""cliffsteepfactor"": ""0.23"", ""cliffflatplace"": ""2.55"", ""cliffnosmallciffs"": ""11.94""}",False,2.633708018045785,0.7964352179472817,0.19567890536496288,98.99754807224609,1.0336556726853243,0.004492197223271573,0.6392445372681489,0.40735143314693545,False
22,0.5574268601632063,0.8446601628060658,"{""zone1"": ""0.80|3.01|99|1"", ""zone2"": ""3.01|3.79|99|0.60"", ""zone3"": ""3.79|6.43|8|0.39"", ""thresold1"": ""0.20|3|0.030"", ""thresold2"": ""3|4|0.030"", ""thresold3"": ""4|7|0.030"", ""thresold4"": ""7|20|0.087"", ""thresold5"": ""20|99|0.087"", ""greenground"": ""0.91"", ""greenhigh"": ""2.88"", ""topweight"": ""0.26"", ""pointvolumefactor"": ""0.37"", ""firstandlastreturnasground"": ""1"", ""firstandlastreturnfactor"": ""0.07"", ""lastreturnfactor"": ""0.21"", ""greendetectsize"": ""2"", ""groundboxsize"": ""1"", ""medianboxsize"": ""19"", ""medianboxsize2"": ""7"", ""greenshades"": ""0.689|1.733|2.828"", ""greenshadeisom"": ""406|408|410"", ""vegesimplify"": ""1.83"", ""yellowheight"": ""1.60"", ""yellowthresold"": ""0.443"", ""yellowfirstlast"": ""1"", ""yellowmedianboxsize"": ""7"", ""cliff1"": ""0.53"", ""cliff2"": ""1.28"", ""cliffthin"": ""0.56"", ""cliffsteepfactor"": ""0.23"", ""cliffflatplace"": ""2.55"", ""cliffnosmallciffs"": ""11.94""}",False,2.652063613094433,2.520725220239818,0.19567890536496288,98.99754807224609,1.0336556726853243,0.004492197223271573,0.6395254336849598,0.40815885843511246,False
23,0.6051605894918849,0.8475680141844383,"{""zone1"": ""0.80|3.01|99|1"", ""zone2"": ""3.01|3.79|99|0.60"", ""zone3"": ""3.79|6.43|8|0.39"", ""thresold1"": ""0.20|3|0.030"", ""thresold2"": ""3|4|0.030"", ""thresold3"": ""4|7|0.030"", ""thresold4"": ""7|20|0.087"", ""thresold5"": ""20|99|0.087"", ""greenground"": ""0.91"", ""greenhigh"": ""2.88"", ""topweight"": ""0.26"", ""pointvolumefactor"": ""0.37"", ""firstandlastreturnasground"": ""1"", ""firstandlastreturnfactor"": ""0.07"", ""lastreturnfactor"": ""0.21"", ""greendetectsize"": ""2"", ""groundboxsize"": ""1"", ""medianboxsize"": ""19"", ""medianboxsize2"": ""7"", ""greenshades"": ""0.689|1.733|2.828"", ""greenshadeisom"": ""406|408|410"", ""vegesimplify"": ""1.83"", ""yellowheight"": ""0.62"", ""yellowthresold"": ""0.517"", ""yellowfirstlast"": ""2"", ""yellowmedianboxsize"": ""5"", ""cliff1"": ""0.53"", ""cliff2"": ""1.28"", ""cliffthin"": ""0.56"", ""cliffsteepfactor"": ""0.23"", ""cliffflatplace"": ""2.55"", ""cliffnosmallciffs"": ""11.94""}",False,2.6516733856661716,1.640884321024441,0.19567890536496288,98.99754807224609,1.0336556726853243,0.004492197223271573,0.6401898429583237,0.4085812540127387,False
24,0.576080757979022,0.8438415564032032,"{""zone1"": ""0.80|3.01|99|1"", ""zone2"": ""3.01|3.79|99|0.60"", ""zone3"": ""3.79|6.43|8|0.39"", ""thresold1"": ""0.20|3|0.030"", ""thresold2"": ""3|4|0.030"", ""thresold3"": ""4|7|0.030"", ""thresold4"": ""7|20|0.087"", ""thresold5"": ""20|99|0.087"", ""greenground"": ""0.91"", ""greenhigh"": ""2.88"", ""topweight"": ""0.26"", ""pointvolumefactor"": ""0.37"", ""firstandlastreturnasground"": ""1"", ""firstandlastreturnfactor"": ""0.07"", ""lastreturnfactor"": ""0.21"", ""greendetectsize"": ""2"", ""groundboxsize"": ""1"", ""medianboxsize"": ""19"", ""medianboxsize2"": ""7"", ""greenshades"": ""0.689|1.733|2.828"", ""greenshadeisom"": ""406|408|410"", ""vegesimplify"": ""1.83"", ""yellowheight"": ""1.08"", ""yellowthresold"": ""0.487"", ""yellowfirstlast"": ""1"", ""yellowmedianboxsize"": ""3"", ""cliff1"": ""0.53"", ""cliff2"": ""1.28"", ""cliffthin"": ""0.56"", ""cliffsteepfactor"": ""0.23"", ""cliffflatplace"": ""2.55"", ""cliffnosmallciffs"": ""11.94""}",False,2.6551308653789545,2.0041897065429763,0.19567890536496288,98.99754807224609,1.0336556726853243,0.004492197223271573,0.6402260085070122,0.4088145721816843,False
25,0.6131022522762585,0.8487753270439475,"{""zone1"": ""0.80|3.01|99|1"", ""zone2"": ""3.01|3.79|99|0.60"", ""zone3"": ""3.79|6.43|8|0.39"", ""thresold1"": ""0.20|3|0.030"", ""thresold2"": ""3|4|0.030"", ""thresold3"": ""4|7|0.030"", ""thresold4"": ""7|20|0.087"", ""thresold5"": ""20|99|0.087"", ""greenground"": ""0.91"", ""greenhigh"": ""2.88"", ""topweight"": ""0.26"", ""pointvolumefactor"": ""0.37"", ""firstandlastreturnasground"": ""1"", ""firstandlastreturnfactor"": ""0.07"", ""lastreturnfactor"": ""0.21"", ""greendetectsize"": ""2"", ""groundboxsize"": ""1"", ""medianboxsize"": ""19"", ""medianboxsize2"": ""7"", ""greenshades"": ""0.689|1.733|2.828"", ""greenshadeisom"": ""406|408|410"", ""vegesimplify"": ""1.83"", ""yellowheight"": ""1.51"", ""yellowthresold"": ""0.588"", ""yellowfirstlast"": ""0"", ""yellowmedianboxsize"": ""15"", ""cliff1"": ""0.53"", ""cliff2"": ""1.28"", ""cliffthin"": ""0.56"", ""cliffsteepfactor"": ""0.23"", ""cliffflatplace"": ""2.55"", ""cliffnosmallciffs"": ""11.94""}",False,2.6487231251420744,1.601661846892636,0.19567890536496288,98.99754807224609,1.0336556726853243,0.004492197223271573,0.6401458163516166,0.40825157579451193,True
26,0.6120549389494407,0.8508799785755787,"{""zone1"": ""0.80|3.01|99|1"", ""zone2"": ""3.01|3.79|99|0.60"", ""zone3"": ""3.79|6.43|8|0.39"", ""thresold1"": ""0.20|3|0.030"", ""thresold2"": ""3|4|0.030"", ""thresold3"": ""4|7|0.030"", ""thresold4"": ""7|20|0.087"", ""thresold5"": ""20|99|0.087"", ""greenground"": ""0.91"", ""greenhigh"": ""2.88"", ""topweight"": ""0.26"", ""pointvolumefactor"": ""0.37"", ""firstandlastreturnasground"": ""1"", ""firstandlastreturnfactor"": ""0.07"", ""lastreturnfactor"": ""0.21"", ""greendetectsize"": ""2"", ""groundboxsize"": ""1"", ""medianboxsize"": ""19"", ""medianboxsize2"": ""7"", ""greenshades"": ""0.689|1.733|2.828"", ""greenshadeisom"": ""406|408|410"", ""vegesimplify"": ""1.83"", ""yellowheight"": ""1.75"", ""yellowthresold"": ""0.572"", ""yellowfirstlast"": ""0"", ""yellowmedianboxsize"": ""15"", ""cliff1"": ""0.53"", ""cliff2"": ""1.28"", ""cliffthin"": ""0.56"", ""cliffsteepfactor"": ""0.23"", ""cliffflatplace"": ""2.55"", ""cliffnosmallciffs"": ""11.94""}",False,2.6469054353782995,1.6799956857037015,0.19567890536496288,98.99754807224609,1.0336556726853243,0.004492197223271573,0.6402424123300625,0.40836600455819877,True
27,0.6070760413479608,0.8481439577980778,"{""zone1"": ""0.80|3.01|99|1"", ""zone2"": ""3.01|3.79|99|0.60"", ""zone3"": ""3.79|6.43|8|0.39"", ""thresold1"": ""0.20|3|0.030"", ""thresold2"": ""3|4|0.030"", ""thresold3"": ""4|7|0.030"", ""thresold4"": ""7|20|0.087"", ""thresold5"": ""20|99|0.087"", ""greenground"": ""0.91"", ""greenhigh"": ""2.88"", ""topweight"": ""0.26"", ""pointvolumefactor"": ""0.37"", ""firstandlastreturnasground"": ""1"", ""firstandlastreturnfactor"": ""0.07"", ""lastreturnfactor"": ""0.21"", ""greendetectsize"": ""2"", ""groundboxsize"": ""1"", ""medianboxsize"": ""19"", ""medianboxsize2"": ""7"", ""greenshades"": ""0.689|1.733|2.828"", ""greenshadeisom"": ""406|408|410"", ""vegesimplify"": ""1.83"", ""yellowheight"": ""1.77"", ""yellowthresold"": ""0.580"", ""yellowfirstlast"": ""0"", ""yellowmedianboxsize"": ""13"", ""cliff1"": ""0.53"", ""cliff2"": ""1.28"", ""cliffthin"": ""0.56"", ""cliffsteepfactor"": ""0.23"", ""cliffflatplace"": ""2.55"", ""cliffnosmallciffs"": ""11.94""}",False,2.6490830228962006,1.649586930282044,0.19567890536496288,98.99754807224609,1.0336556726853243,0.004492197223271573,0.6402069676438382,0.4083789336479869,False
28,0.5680696803186555,0.8452011644467927,"{""zone1"": ""0.80|3.01|99|1"", ""zone2"": ""3.01|3.79|99|0.60"", ""zone3"": ""3.79|6.43|8|0.39"", ""thresold1"": ""0.20|3|0.030"", ""thresold2"": ""3|4|0.030"", ""thresold3"": ""4|7|0.030"", ""thresold4"": ""7|20|0.087"", ""thresold5"": ""20|99|0.087"", ""greenground"": ""0.91"", ""greenhigh"": ""2.88"", ""topweight"": ""0.26"", ""pointvolumefactor"": ""0.37"", ""firstandlastreturnasground"": ""1"", ""firstandlastreturnfactor"": ""0.07"", ""lastreturnfactor"": ""0.21"", ""greendetectsize"": ""2"", ""groundboxsize"": ""1"", ""medianboxsize"": ""19"", ""medianboxsize2"": ""7"", ""greenshades"": ""0.689|1.733|2.828"", ""greenshadeisom"": ""406|408|410"", ""vegesimplify"": ""1.83"", ""yellowheight"": ""1.73"", ""yellowthresold"": ""0.470"", ""yellowfirstlast"": ""1"", ""yellowmedianboxsize"": ""15"", ""cliff1"": ""0.53"", ""cliff2"": ""1.28"", ""cliffthin"": ""0.56"", ""cliffsteepfactor"": ""0.23"", ""cliffflatplace"": ""2.55"", ""cliffnosmallciffs"": ""11.94""}",False,2.648532564321191,2.1305701195604163,0.19567890536496288,98.99754807224609,1.0336556726853243,0.004492197223271573,0.639448428486659,0.40793713653279967,False
29,0.63447894495435,0.8480062087749961,"{""zone1"": ""0.80|3.01|99|1"", ""zone2"": ""3.01|3.79|99|0.60"", ""zone3"": ""3.79|6.43|8|0.39"", ""thresold1"": ""0.20|3|0.030"", ""thresold2"": ""3|4|0.030"", ""thresold3"": ""4|7|0.030"", ""thresold4"": ""7|20|0.087"", ""thresold5"": ""20|99|0.087"", ""greenground"": ""0.91"", ""greenhigh"": ""2.88"", ""topweight"": ""0.26"", ""pointvolumefactor"": ""0.37"", ""firstandlastreturnasground"": ""1"", ""firstandlastreturnfactor"": ""0.07"", ""lastreturnfactor"": ""0.21"", ""greendetectsize"": ""2"", ""groundboxsize"": ""1"", ""medianboxsize"": ""19"", ""medianboxsize2"": ""7"", ""greenshades"": ""0.689|1.733|2.828"", ""greenshadeisom"": ""406|408|410"", ""vegesimplify"": ""1.83"", ""yellowheight"": ""1.79"", ""yellowthresold"": ""0.666"", ""yellowfirstlast"": ""0"", ""yellowmedianboxsize"": ""11"", ""cliff1"": ""0.53"", ""cliff2"": ""1.28"", ""cliffthin"": ""0.56"", ""cliffsteepfactor"": ""0.23"", ""cliffflatplace"": ""2.55"", ""cliffnosmallciffs"": ""11.94""}",False,2.644584184414561,1.423576413949428,0.19567890536496288,98.99754807224609,1.0336556726853243,0.004492197223271573,0.6394991626434094,0.4079525067241674,False
30,0.6340554442113034,0.84833426734734,"{""zone1"": ""0.80|3.01|99|1"", ""zone2"": ""3.01|3.79|99|0.60"", ""zone3"": ""3.79|6.43|8|0.39"", ""thresold1"": ""0.20|3|0.030"", ""thresold2"": ""3|4|0.030"", ""thresold3"": ""4|7|0.030"", ""thresold4"": ""7|20|0.087"", ""thresold5"": ""20|99|0.087"", ""greenground"": ""0.91"", ""greenhigh"": ""2.88"", ""topweight"": ""0.26"", ""pointvolumefactor"": ""0.37"", ""firstandlastreturnasground"": ""1"", ""firstandlastreturnfactor"": ""0.07"", ""lastreturnfactor"": ""0.21"", ""greendetectsize"": ""2"", ""groundboxsize"": ""1"", ""medianboxsize"": ""19"", ""medianboxsize2"": ""7"", ""greenshades"": ""0.689|1.733|2.828"", ""greenshadeisom"": ""406|408|410"", ""vegesimplify"": ""1.83"", ""yellowheight"": ""1.47"", ""yellowthresold"": ""0.645"", ""yellowfirstlast"": ""1"", ""yellowmedianboxsize"": ""13"", ""cliff1"": ""0.53"", ""cliff2"": ""1.28"", ""cliffthin"": ""0.56"", ""cliffsteepfactor"": ""0.23"", ""cliffflatplace"": ""2.55"", ""cliffnosmallciffs"": ""11.94""}",False,2.644538233230211,1.4125839329871948,0.19567890536496288,98.99754807224609,1.0336556726853243,0.004492197223271573,0.6395921453230068,0.40821747163284566,True
31,0.6348624830006686,0.8480225829334788,"{""zone1"": ""0.80|3.01|99|1"", ""zone2"": ""3.01|3.79|99|0.60"", ""zone3"": ""3.79|6.43|8|0.39"", ""thresold1"": ""0.20|3|0.030"", ""thresold2"": ""3|4|0.030"", ""thresold3"": ""4|7|0.030"", ""thresold4"": ""7|20|0.087"", ""thresold5"": ""20|99|0.087"", ""greenground"": ""0.91"", ""greenhigh"": ""2.88"", ""topweight"": ""0.26"", ""pointvolumefactor"": ""0.37"", ""firstandlastreturnasground"": ""1"", ""firstandlastreturnfactor"": ""0.07"", ""lastreturnfactor"": ""0.21"", ""greendetectsize"": ""2"", ""groundboxsize"": ""1"", ""medianboxsize"": ""19"", ""medianboxsize2"": ""7"", ""greenshades"": ""0.689|1.733|2.828"", ""greenshadeisom"": ""406|408|410"", ""vegesimplify"": ""1.83"", ""yellowheight"": ""1.41"", ""yellowthresold"": ""0.649"", ""yellowfirstlast"": ""1"", ""yellowmedianboxsize"": ""13"", ""cliff1"": ""0.53"", ""cliff2"": ""1.28"", ""cliffthin"": ""0.56"", ""cliffsteepfactor"": ""0.23"", ""cliffflatplace"": ""2.55"", ""cliffnosmallciffs"": ""11.94""}",False,2.644381021504014,1.4018301321569677,0.19567890536496288,98.99754807224609,1.0336556726853243,0.004492197223271573,0.6395580927265793,0.40813212091207457,True
32,0.6053687513890926,0.8344344744946578,"{""zone1"": ""0.80|3.01|99|1"", ""zone2"": ""3.01|3.79|99|0.60"", ""zone3"": ""3.79|6.43|8|0.39"", ""thresold1"": ""0.20|3|0.030"", ""thresold2"": ""3|4|0.030"", ""thresold3"": ""4|7|0.030"", ""thresold4"": ""7|20|0.087"", ""thresold5"": ""20|99|0.087"", ""greenground"": ""0.91"", ""greenhigh"": ""2.88"", ""topweight"": ""0.26"", ""pointvolumefactor"": ""0.37"", ""firstandlastreturnasground"": ""1"", ""firstandlastreturnfactor"": ""0.07"", ""lastreturnfactor"": ""0.21"", ""greendetectsize"": ""2"", ""groundboxsize"": ""1"", ""medianboxsize"": ""19"", ""medianboxsize2"": ""7"", ""greenshades"": ""0.689|1.733|2.828"", ""greenshadeisom"": ""406|408|410"", ""vegesimplify"": ""1.83"", ""yellowheight"": ""1.67"", ""yellowthresold"": ""0.704"", ""yellowfirstlast"": ""1"", ""yellowmedianboxsize"": ""13"", ""cliff1"": ""0.53"", ""cliff2"": ""1.28"", ""cliffthin"": ""0.56"", ""cliffsteepfactor"": ""0.23"", ""cliffflatplace"": ""2.55"", ""cliffnosmallciffs"": ""11.94""}",False,2.641555570881929,1.2848446917632117,0.19567890536496288,98.99754807224609,1.0336556726853243,0.004492197223271573,0.6393676629735301,0.40789120594916145,False
33,0.613338000542177,0.8487303835504767,"{""zone1"": ""0.80|3.01|99|1"", ""zone2"": ""3.01|3.79|99|0.60"", ""zone3"": ""3.79|6.43|8|0.39"", ""thresold1"": ""0.20|3|0.030"", ""thresold2"": ""3|4|0.030"", ""thresold3"": ""4|7|0.030"", ""thresold4"": ""7|20|0.087"", ""thresold5"": ""20|99|0.087"", ""greenground"": ""0.91"", ""greenhigh"": ""2.88"", ""topweight"": ""0.26"", ""pointvolumefactor"": ""0.37"", ""firstandlastreturnasground"": ""1"", ""firstandlastreturnfactor"": ""0.07"", ""lastreturnfactor"": ""0.21"", ""greendetectsize"": ""2"", ""groundboxsize"": ""1"", ""medianboxsize"": ""19"", ""medianboxsize2"": ""7"", ""greenshades"": ""0.689|1.733|2.828"", ""greenshadeisom"": ""406|408|410"", ""vegesimplify"": ""1.83"", ""yellowheight"": ""1.46"", ""yellowthresold"": ""0.588"", ""yellowfirstlast"": ""0"", ""yellowmedianboxsize"": ""15"", ""cliff1"": ""0.53"", ""cliff2"": ""1.28"", ""cliffthin"": ""0.56"", ""cliffsteepfactor"": ""0.23"", ""cliffflatplace"": ""2.55"", ""cliffnosmallciffs"": ""11.94""}",False,2.648721805733513,1.6000382990138442,0.19567890536496288,98.99754807224609,1.0336556726853243,0.004492197223271573,0.6401759919704355,0.4082990156187093,True
34,0.6074710922315585,0.8480053727499436,"{""zone1"": ""0.80|3.01|99|1"", ""zone2"": ""3.01|3.79|99|0.60"", ""zone3"": ""3.79|6.43|8|0.39"", ""thresold1"": ""0.20|3|0.030"", ""thresold2"": ""3|4|0.030"", ""thresold3"": ""4|7|0.030"", ""thresold4"": ""7|20|0.087"", ""thresold5"": ""20|99|0.087"", ""greenground"": ""0.91"", ""greenhigh"": ""2.88"", ""topweight"": ""0.26"", ""pointvolumefactor"": ""0.37"", ""firstandlastreturnasground"": ""1"", ""firstandlastreturnfactor"": ""0.07"", ""lastreturnfactor"": ""0.21"", ""greendetectsize"": ""2"", ""groundboxsize"": ""1"", ""medianboxsize"": ""19"", ""medianboxsize2"": ""7"", ""greenshades"": ""0.689|1.733|2.828"", ""greenshadeisom"": ""406|408|410"", ""vegesimplify"": ""1.83"", ""yellowheight"": ""1.29"", ""yellowthresold"": ""0.538"", ""yellowfirstlast"": ""2"", ""yellowmedianboxsize"": ""11"", ""cliff1"": ""0.53"", ""cliff2"": ""1.28"", ""cliffthin"": ""0.56"", ""cliffsteepfactor"": ""0.23"", ""cliffflatplace"": ""2.55"", ""cliffnosmallciffs"": ""11.94""}",False,2.648983150939308,1.6216888567012886,0.19567890536496288,98.99754807224609,1.0336556726853243,0.004492197223271573,0.640210638968336,0.4084922503433779,False
35,0.6409039214145215,0.8474354564005141,"{""zone1"": ""0.80|3.01|99|1"", ""zone2"": ""3.01|3.79|99|0.60"", ""zone3"": ""3.79|6.43|8|0.39"", ""thresold1"": ""0.20|3|0.030"", ""thresold2"": ""3|4|0.030"", ""thresold3"": ""4|7|0.030"", ""thresold4"": ""7|20|0.087"", ""thresold5"": ""20|99|0.087"", ""greenground"": ""0.91"", ""greenhigh"": ""2.88"", ""topweight"": ""0.26"", ""pointvolumefactor"": ""0.37"", ""firstandlastreturnasground"": ""1"", ""firstandlastreturnfactor"": ""0.07"", ""lastreturnfactor"": ""0.21"", ""greendetectsize"": ""2"", ""groundboxsize"": ""1"", ""medianboxsize"": ""19"", ""medianboxsize2"": ""7"", ""greenshades"": ""0.689|1.733|2.828"", ""greenshadeisom"": ""406|408|410"", ""vegesimplify"": ""1.83"", ""yellowheight"": ""1.85"", ""yellowthresold"": ""0.677"", ""yellowfirstlast"": ""1"", ""yellowmedianboxsize"": ""11"", ""cliff1"": ""0.53"", ""cliff2"": ""1.28"", ""cliffthin"": ""0.56"", ""cliffsteepfactor"": ""0.23"", ""cliffflatplace"": ""2.55"", ""cliffnosmallciffs"": ""11.94""}",False,2.6444345210135856,1.3689387786844969,0.19567890536496288,98.99754807224609,1.0336556726853243,0.004492197223271573,0.639540873363405,0.40814860936453556,True
36,0.6238558994880093,0.840731049697285,"{""zone1"": ""0.80|3.01|99|1"", ""zone2"": ""3.01|3.79|99|0.60"", ""zone3"": ""3.79|6.43|8|0.39"", ""thresold1"": ""0.20|3|0.030"", ""thresold2"": ""3|4|0.030"", ""thresold3"": ""4|7|0.030"", ""thresold4"": ""7|20|0.087"", ""thresold5"": ""20|99|0.087"", ""greenground"": ""0.91"", ""greenhigh"": ""2.88"", ""topweight"": ""0.26"", ""pointvolumefactor"": ""0.37"", ""firstandlastreturnasground"": ""1"", ""firstandlastreturnfactor"": ""0.07"", ""lastreturnfactor"": ""0.21"", ""greendetectsize"": ""2"", ""groundboxsize"": ""1"", ""medianboxsize"": ""19"", ""medianboxsize2"": ""7"", ""greenshades"": ""0.689|1.733|2.828"", ""greenshadeisom"": ""406|408|410"", ""vegesimplify"": ""1.83"", ""yellowheight"": ""1.82"", ""yellowthresold"": ""0.724"", ""yellowfirstlast"": ""0"", ""yellowmedianboxsize"": ""9"", ""cliff1"": ""0.53"", ""cliff2"": ""1.28"", ""cliffthin"": ""0.56"", ""cliffsteepfactor"": ""0.23"", ""cliffflatplace"": ""2.55"", ""cliffnosmallciffs"": ""11.94""}",False,2.6478950280096725,1.4052433967499725,0.19567890536496288,98.99754807224609,1.0336556726853243,0.004492197223271573,0.6399204028165084,0.40813603833827233,False
37,0.6012946462386338,0.8475683142729036,"{""zone1"": ""0.80|3.01|99|1"", ""zone2"": ""3.01|3.79|99|0.60"", ""zone3"": ""3.79|6.43|8|0.39"", ""thresold1"": ""0.20|3|0.030"", ""thresold2"": ""3|4|0.030"", ""thresold3"": ""4|7|0.030"", ""thresold4"": ""7|20|0.087"", ""thresold5"": ""20|99|0.087"", ""greenground"": ""0.91"", ""greenhigh"": ""2.88"", ""topweight"": ""0.26"", ""pointvolumefactor"": ""0.37"", ""firstandlastreturnasground"": ""1"", ""firstandlastreturnfactor"": ""0.07"", ""lastreturnfactor"": ""0.21"", ""greendetectsize"": ""2"", ""groundboxsize"": ""1"", ""medianboxsize"": ""19"", ""medianboxsize2"": ""7"", ""greenshades"": ""0.689|1.733|2.828"", ""greenshadeisom"": ""406|408|410"", ""vegesimplify"": ""1.83"", ""yellowheight"": ""1.85"", ""yellowthresold"": ""0.552"", ""yellowfirstlast"": ""1"", ""yellowmedianboxsize"": ""11"", ""cliff1"": ""0.53"", ""cliff2"": ""1.28"", ""cliffthin"": ""0.56"", ""cliffsteepfactor"": ""0.23"", ""cliffflatplace"": ""2.55"", ""cliffnosmallciffs"": ""11.94""}",False,2.649151971517291,1.6986928136881512,0.19567890536496288,98.99754807224609,1.0336556726853243,0.004492197223271573,0.640071499144549,0.4082556339631075,False
38,0.6060755475166605,0.8343784030878636,"{""zone1"": ""0.80|3.01|99|1"", ""zone2"": ""3.01|3.79|99|0.60"", ""zone3"": ""3.79|6.43|8|0.39"", ""thresold1"": ""0.20|3|0.030"", ""thresold2"": ""3|4|0.030"", ""thresold3"": ""4|7|0.030"", ""thresold4"": ""7|20|0.087"", ""thresold5"": ""20|99|0.087"", ""greenground"": ""0.91"", ""greenhigh"": ""2.88"", ""topweight"": ""0.26"", ""pointvolumefactor"": ""0.37"", ""firstandlastreturnasground"": ""1"", ""firstandlastreturnfactor"": ""0.07"", ""lastreturnfactor"": ""0.21"", ""greendetectsize"": ""2"", ""groundboxsize"": ""1"", ""medianboxsize"": ""19"", ""medianboxsize2"": ""7"", ""greenshades"": ""0.689|1.733|2.828"", ""greenshadeisom"": ""406|408|410"", ""vegesimplify"": ""1.83"", ""yellowheight"": ""1.67"", ""yellowthresold"": ""0.691"", ""yellowfirstlast"": ""2"", ""yellowmedianboxsize"": ""15"", ""cliff1"": ""0.53"", ""cliff2"": ""1.28"", ""cliffthin"": ""0.56"", ""cliffsteepfactor"": ""0.23"", ""cliffflatplace"": ""2.55"", ""cliffnosmallciffs"": ""11.94""}",False,2.6427749798805964,1.2753690018653916,0.19567890536496288,98.99754807224609,1.0336556726853243,0.004492197223271573,0.6394375977247719,0.4080350291322352,False
39,0.5912487706952015,0.8521950966115144,"{""zone1"": ""0.80|3.01|99|1"", ""zone2"": ""3.01|3.79|99|0.60"", ""zone3"": ""3.79|6.43|8|0.39"", ""thresold1"": ""0.20|3|0.030"", ""thresold2"": ""3|4|0.030"", ""thresold3"": ""4|7|0.030"", ""thresold4"": ""7|20|0.087"", ""thresold5"": ""20|99|0.087"", ""greenground"": ""0.91"", ""greenhigh"": ""2.88"", ""topweight"": ""0.26"", ""pointvolumefactor"": ""0.37"", ""firstandlastreturnasground"": ""1"", ""firstandlastreturnfactor"": ""0.07"", ""lastreturnfactor"": ""0.21"", ""greendetectsize"": ""2"", ""groundboxsize"": ""1"", ""medianboxsize"": ""19"", ""medianboxsize2"": ""7"", ""greenshades"": ""0.689|1.733|2.828"", ""greenshadeisom"": ""406|408|410"", ""vegesimplify"": ""1.83"", ""yellowheight"": ""1.99"", ""yellowthresold"": ""0.500"", ""yellowfirstlast"": ""1"", ""yellowmedianboxsize"": ""11"", ""cliff1"": ""0.53"", ""cliff2"": ""1.28"", ""cliffthin"": ""0.56"", ""cliffsteepfactor"": ""0.23"", ""cliffflatplace"": ""2.55"", ""cliffnosmallciffs"": ""11.94""}",False,2.649635969082805,1.9706144691052814,0.19567890536496288,98.99754807224609,1.0336556726853243,0.004492197223271573,0.6394976348222149,0.40818532102825894,True
